event_id,datetime,date,direction,event_type,intensity,x_km,y_km
E00011,2026-08-24 00:10:00,2026-08-24,Напрямок В,Авіаудар (КАБ),2.0,40.07,13.22
E00019,2026-08-24 01:23:00,2026-08-24,Напрямок В,Дії ДРГ,1.0,38.66,19.18
E00001,2026-08-24 02:51:00,2026-08-24,Напрямок А,Дії ДРГ,1.0,9.57,30.86
E00014,2026-08-24 03:29:00,2026-08-24,Напрямок В,Удар БпЛА,2.0,37.61,17.53
E00007,2026-08-24 04:28:00,2026-08-24,Напрямок Б,Артобстріл,2.0,18.08,24.18
E00013,2026-08-24 06:44:00,2026-08-24,Напрямок В,Авіаудар (КАБ),3.0,42.88,16.97
E00023,2026-08-24 07:26:00,2026-08-24,Напрямок Г,Артобстріл,1.0,49.29,13.87
E00018,2026-08-24 08:55:00,2026-08-24,Напрямок В,Авіаудар (КАБ),3.0,35.12,18.39
E00016,2026-08-24 09:51:00,2026-08-24,Напрямок В,Дії ДРГ,3.0,36.91,20.53
E00002,2026-08-24 11:13:00,2026-08-24,Напрямок А,Артобстріл,1.0,7.91,31.67
E00008,2026-08-24 12:14:00,2026-08-24,Напрямок Б,Штурмові дії,1.0,24.75,24.29
E00020,2026-08-24 14:10:00,2026-08-24,Напрямок Г,Дії ДРГ,1.0,52.83,9.94
E00010,2026-08-24 14:21:00,2026-08-24,Напрямок Б,Удар БпЛА,2.0,24.19,23.84
E00004,2026-08-24 14:55:00,2026-08-24,Напрямок А,Артобстріл,1.0,8.87,30.38
E00022,2026-08-24 15:04:00,2026-08-24,Напрямок Г,Штурмові дії,2.0,53.16,6.89
E00009,2026-08-24 15:26:00,2026-08-24,Напрямок Б,Авіаудар (КАБ),5.0,18.16,24.18
E00012,2026-08-24 16:07:00,2026-08-24,Напрямок В,Удар БпЛА,2.0,42.02,19.65
E00003,2026-08-24 16:48:00,2026-08-24,Напрямок А,Авіаудар (КАБ),2.0,3.87,25.58
E00017,2026-08-24 17:17:00,2026-08-24,Напрямок В,Штурмові дії,3.0,39.11,13.95
E00005,2026-08-24 19:24:00,2026-08-24,Напрямок А,Удар БпЛА,1.0,7.84,30.27
E00021,2026-08-24 20:47:00,2026-08-24,Напрямок Г,Дії ДРГ,2.0,50.11,11.72
E00006,2026-08-24 22:00:00,2026-08-24,Напрямок А,Удар БпЛА,1.0,4.87,28.06
E00024,2026-08-24 22:45:00,2026-08-24,Напрямок Г,Артобстріл,1.0,56.0,15.46
E00015,2026-08-24 23:35:00,2026-08-24,Напрямок В,Удар БпЛА,2.0,41.73,19.57
E00034,2026-08-25 00:29:00,2026-08-25,Напрямок Б,Удар БпЛА,3.0,24.66,26.21
E00028,2026-08-25 01:13:00,2026-08-25,Напрямок А,Дії ДРГ,2.0,12.5,26.51
E00038,2026-08-25 02:42:00,2026-08-25,Напрямок Б,Удар БпЛА,1.0,22.83,24.11
E00029,2026-08-25 03:00:00,2026-08-25,Напрямок А,Удар БпЛА,1.0,10.35,29.94
E00037,2026-08-25 03:40:00,2026-08-25,Напрямок Б,Удар БпЛА,3.0,21.96,26.02
E00041,2026-08-25 03:52:00,2026-08-25,Напрямок В,Авіаудар (КАБ),3.0,33.36,16.9
E00027,2026-08-25 04:03:00,2026-08-25,Напрямок А,Артобстріл,1.0,13.29,28.39
E00052,2026-08-25 04:25:00,2026-08-25,Напрямок Г,Штурмові дії,4.0,55.09,14.2
E00036,2026-08-25 04:35:00,2026-08-25,Напрямок Б,Дії ДРГ,4.0,26.75,21.25
E00040,2026-08-25 04:44:00,2026-08-25,Напрямок В,Артобстріл,2.0,44.48,14.66
E00035,2026-08-25 05:41:00,2026-08-25,Напрямок Б,Штурмові дії,4.0,24.76,25.19
E00042,2026-08-25 06:03:00,2026-08-25,Напрямок В,Артобстріл,2.0,38.26,17.3
E00046,2026-08-25 07:11:00,2026-08-25,Напрямок В,Артобстріл,2.0,38.12,19.93
E00043,2026-08-25 07:20:00,2026-08-25,Напрямок В,Дії ДРГ,2.0,35.79,13.27
E00048,2026-08-25 07:21:00,2026-08-25,Напрямок В,Артобстріл,1.0,37.56,17.98
E00053,2026-08-25 07:29:00,2026-08-25,Напрямок Г,Дії ДРГ,2.0,51.19,11.51
E00044,2026-08-25 08:55:00,2026-08-25,Напрямок В,Артобстріл,1.0,36.3,21.2
E00033,2026-08-25 10:25:00,2026-08-25,Напрямок А,Артобстріл,2.0,8.07,32.82
E00039,2026-08-25 11:57:00,2026-08-25,Напрямок Б,Штурмові дії,3.0,17.16,23.6
E00025,2026-08-25 12:59:00,2026-08-25,Напрямок А,Удар БпЛА,2.0,8.04,28.33
E00049,2026-08-25 15:54:00,2026-08-25,Напрямок В,Штурмові дії,5.0,36.52,19.85
E00050,2026-08-25 17:27:00,2026-08-25,Напрямок Г,Артобстріл,2.0,51.43,14.85
E00032,2026-08-25 17:31:00,2026-08-25,Напрямок А,Дії ДРГ,2.0,6.59,28.78
E00047,2026-08-25 20:12:00,2026-08-25,Напрямок В,Авіаудар (КАБ),3.0,39.64,16.36
E00045,2026-08-25 21:01:00,2026-08-25,Напрямок В,Штурмові дії,2.0,41.62,18.38
E00051,2026-08-25 21:19:00,2026-08-25,Напрямок Г,Дії ДРГ,2.0,50.22,11.07
E00031,2026-08-25 21:29:00,2026-08-25,Напрямок А,Штурмові дії,2.0,12.27,28.78
E00026,2026-08-25 22:49:00,2026-08-25,Напрямок А,Удар БпЛА,1.0,8.03,29.1
E00030,2026-08-25 23:04:00,2026-08-25,Напрямок А,Удар БпЛА,1.0,9.46,28.71
E00055,2026-08-26 00:45:00,2026-08-26,Напрямок А,Штурмові дії,3.0,6.74,29.45
E00077,2026-08-26 01:39:00,2026-08-26,Напрямок Г,Удар БпЛА,2.0,49.35,11.27
E00069,2026-08-26 01:56:00,2026-08-26,Напрямок В,Артобстріл,2.0,36.76,17.19
E00067,2026-08-26 02:24:00,2026-08-26,Напрямок В,Удар БпЛА,2.0,34.32,18.28
E00062,2026-08-26 02:59:00,2026-08-26,Напрямок Б,Артобстріл,3.0,18.99,21.95
E00071,2026-08-26 04:05:00,2026-08-26,Напрямок В,Удар БпЛА,3.0,35.49,18.42
E00066,2026-08-26 04:18:00,2026-08-26,Напрямок В,Артобстріл,4.0,38.69,16.13
E00073,2026-08-26 05:25:00,2026-08-26,Напрямок В,Авіаудар (КАБ),2.0,39.48,13.44
E00064,2026-08-26 06:22:00,2026-08-26,Напрямок Б,Удар БпЛА,2.0,22.66,23.8
E00057,2026-08-26 08:59:00,2026-08-26,Напрямок А,Штурмові дії,4.0,9.85,33.66
E00065,2026-08-26 09:11:00,2026-08-26,Напрямок Б,Штурмові дії,5.0,22.18,19.95
E00074,2026-08-26 09:57:00,2026-08-26,Напрямок Г,Штурмові дії,3.0,57.08,10.45
E00059,2026-08-26 10:44:00,2026-08-26,Напрямок Б,Удар БпЛА,1.0,19.1,26.6
E00061,2026-08-26 12:21:00,2026-08-26,Напрямок Б,Удар БпЛА,1.0,19.91,24.1
E00076,2026-08-26 12:33:00,2026-08-26,Напрямок Г,Удар БпЛА,2.0,48.66,10.8
E00075,2026-08-26 12:54:00,2026-08-26,Напрямок Г,Артобстріл,1.0,55.15,9.0
E00078,2026-08-26 13:13:00,2026-08-26,Напрямок Г,Артобстріл,1.0,51.85,14.12
E00054,2026-08-26 15:23:00,2026-08-26,Напрямок А,Дії ДРГ,2.0,8.22,29.17
E00060,2026-08-26 17:16:00,2026-08-26,Напрямок Б,Авіаудар (КАБ),3.0,23.77,28.69
E00070,2026-08-26 18:09:00,2026-08-26,Напрямок В,Удар БпЛА,1.0,40.54,17.54
E00068,2026-08-26 18:15:00,2026-08-26,Напрямок В,Штурмові дії,4.0,41.4,20.6
E00056,2026-08-26 19:56:00,2026-08-26,Напрямок А,Артобстріл,2.0,2.9,29.44
E00063,2026-08-26 20:30:00,2026-08-26,Напрямок Б,Артобстріл,2.0,22.69,24.71
E00058,2026-08-26 22:05:00,2026-08-26,Напрямок А,Артобстріл,3.0,6.07,30.46
E00072,2026-08-26 23:10:00,2026-08-26,Напрямок В,Артобстріл,2.0,41.29,18.5
E00107,2026-08-27 00:19:00,2026-08-27,Напрямок В,Удар БпЛА,2.0,39.16,15.59
E00109,2026-08-27 01:24:00,2026-08-27,Напрямок В,Артобстріл,2.0,35.23,12.59
E00112,2026-08-27 02:01:00,2026-08-27,Напрямок Г,Удар БпЛА,1.0,51.87,14.17
E00083,2026-08-27 02:40:00,2026-08-27,Напрямок А,Удар БпЛА,1.0,9.87,28.19
E00102,2026-08-27 02:44:00,2026-08-27,Напрямок В,Дії ДРГ,2.0,33.23,14.89
E00099,2026-08-27 03:10:00,2026-08-27,Напрямок Б,Удар БпЛА,2.0,23.37,23.66
E00098,2026-08-27 03:18:00,2026-08-27,Напрямок Б,Авіаудар (КАБ),3.0,20.23,24.22
E00101,2026-08-27 03:27:00,2026-08-27,Напрямок В,Авіаудар (КАБ),3.0,41.02,17.65
E00091,2026-08-27 03:56:00,2026-08-27,Напрямок Б,Удар БпЛА,2.0,27.97,23.67
E00084,2026-08-27 04:24:00,2026-08-27,Напрямок А,Удар БпЛА,1.0,4.12,25.59
E00094,2026-08-27 04:41:00,2026-08-27,Напрямок Б,Штурмові дії,2.0,18.97,23.43
E00092,2026-08-27 04:52:00,2026-08-27,Напрямок Б,Удар БпЛА,2.0,20.06,22.22
E00108,2026-08-27 06:40:00,2026-08-27,Напрямок В,Дії ДРГ,2.0,37.82,18.74
E00085,2026-08-27 06:44:00,2026-08-27,Напрямок А,Удар БпЛА,2.0,7.9,30.38
E00103,2026-08-27 09:17:00,2026-08-27,Напрямок В,Удар БпЛА,3.0,38.87,22.2
E00095,2026-08-27 09:29:00,2026-08-27,Напрямок Б,Штурмові дії,3.0,17.64,24.16
E00079,2026-08-27 10:10:00,2026-08-27,Напрямок А,Штурмові дії,3.0,7.67,30.12
E00100,2026-08-27 10:59:00,2026-08-27,Напрямок В,Удар БпЛА,1.0,39.72,20.81
E00080,2026-08-27 11:11:00,2026-08-27,Напрямок А,Артобстріл,1.0,7.87,25.87
E00088,2026-08-27 11:52:00,2026-08-27,Напрямок А,Дії ДРГ,1.0,3.55,29.15
E00111,2026-08-27 12:05:00,2026-08-27,Напрямок Г,Удар БпЛА,4.0,53.0,12.72
E00087,2026-08-27 12:57:00,2026-08-27,Напрямок А,Дії ДРГ,1.0,3.73,31.79
E00090,2026-08-27 13:06:00,2026-08-27,Напрямок А,Штурмові дії,3.0,3.18,27.65
E00104,2026-08-27 13:41:00,2026-08-27,Напрямок В,Артобстріл,2.0,37.23,14.97
E00089,2026-08-27 15:50:00,2026-08-27,Напрямок А,Удар БпЛА,1.0,4.56,32.5
E00082,2026-08-27 17:06:00,2026-08-27,Напрямок А,Удар БпЛА,1.0,5.62,27.29
E00113,2026-08-27 17:13:00,2026-08-27,Напрямок Г,Дії ДРГ,2.0,52.64,15.22
E00105,2026-08-27 17:24:00,2026-08-27,Напрямок В,Удар БпЛА,2.0,38.35,20.39
E00096,2026-08-27 18:00:00,2026-08-27,Напрямок Б,Удар БпЛА,1.0,21.06,19.02
E00081,2026-08-27 18:06:00,2026-08-27,Напрямок А,Штурмові дії,2.0,7.81,32.65
E00110,2026-08-27 19:11:00,2026-08-27,Напрямок Г,Дії ДРГ,1.0,51.6,13.3
E00093,2026-08-27 19:21:00,2026-08-27,Напрямок Б,Штурмові дії,2.0,21.67,24.6
E00097,2026-08-27 19:43:00,2026-08-27,Напрямок Б,Штурмові дії,3.0,20.64,23.1
E00106,2026-08-27 20:26:00,2026-08-27,Напрямок В,Артобстріл,2.0,40.34,19.4
E00086,2026-08-27 21:20:00,2026-08-27,Напрямок А,Дії ДРГ,4.0,4.68,26.26
E00115,2026-08-28 01:15:00,2026-08-28,Напрямок А,Артобстріл,1.0,11.32,31.19
E00134,2026-08-28 03:20:00,2026-08-28,Напрямок Г,Удар БпЛА,3.0,49.84,15.46
E00127,2026-08-28 04:23:00,2026-08-28,Напрямок В,Артобстріл,3.0,39.39,19.64
E00135,2026-08-28 05:09:00,2026-08-28,Напрямок Г,Дії ДРГ,2.0,52.29,10.96
E00131,2026-08-28 06:16:00,2026-08-28,Напрямок В,Артобстріл,1.0,36.39,18.19
E00132,2026-08-28 07:27:00,2026-08-28,Напрямок В,Дії ДРГ,2.0,33.17,18.71
E00122,2026-08-28 09:24:00,2026-08-28,Напрямок Б,Штурмові дії,3.0,19.15,23.13
E00136,2026-08-28 09:42:00,2026-08-28,Напрямок Г,Дії ДРГ,1.0,50.8,17.47
E00118,2026-08-28 11:10:00,2026-08-28,Напрямок Б,Штурмові дії,5.0,28.4,24.15
E00133,2026-08-28 11:58:00,2026-08-28,Напрямок В,Удар БпЛА,2.0,36.27,16.53
E00130,2026-08-28 12:34:00,2026-08-28,Напрямок В,Артобстріл,3.0,44.34,18.05
E00119,2026-08-28 13:34:00,2026-08-28,Напрямок Б,Удар БпЛА,3.0,18.88,24.28
E00123,2026-08-28 16:27:00,2026-08-28,Напрямок Б,Удар БпЛА,3.0,19.63,23.15
E00121,2026-08-28 17:57:00,2026-08-28,Напрямок Б,Удар БпЛА,1.0,22.68,25.49
E00124,2026-08-28 18:03:00,2026-08-28,Напрямок Б,Штурмові дії,4.0,16.89,21.51
E00114,2026-08-28 18:11:00,2026-08-28,Напрямок А,Авіаудар (КАБ),4.0,3.17,27.8
E00120,2026-08-28 18:14:00,2026-08-28,Напрямок Б,Дії ДРГ,1.0,16.73,20.55
E00117,2026-08-28 19:06:00,2026-08-28,Напрямок А,Артобстріл,1.0,8.65,28.31
E00126,2026-08-28 19:36:00,2026-08-28,Напрямок Б,Штурмові дії,3.0,20.83,26.91
E00116,2026-08-28 20:38:00,2026-08-28,Напрямок А,Артобстріл,1.0,11.29,29.42
E00125,2026-08-28 21:10:00,2026-08-28,Напрямок Б,Артобстріл,4.0,21.64,25.71
E00128,2026-08-28 21:50:00,2026-08-28,Напрямок В,Артобстріл,1.0,39.18,16.22
E00129,2026-08-28 23:24:00,2026-08-28,Напрямок В,Артобстріл,1.0,30.61,20.92
E00140,2026-08-29 00:47:00,2026-08-29,Напрямок А,Артобстріл,3.0,7.06,28.4
E00138,2026-08-29 03:09:00,2026-08-29,Напрямок А,Артобстріл,1.0,12.77,25.32
E00154,2026-08-29 04:51:00,2026-08-29,Напрямок Б,Артобстріл,3.0,20.47,26.25
E00150,2026-08-29 04:51:00,2026-08-29,Напрямок Б,Авіаудар (КАБ),2.0,15.28,20.53
E00156,2026-08-29 05:52:00,2026-08-29,Напрямок В,Артобстріл,2.0,38.05,18.26
E00161,2026-08-29 06:20:00,2026-08-29,Напрямок Г,Дії ДРГ,2.0,48.58,12.44
E00149,2026-08-29 07:26:00,2026-08-29,Напрямок Б,Артобстріл,1.0,21.91,21.65
E00145,2026-08-29 07:28:00,2026-08-29,Напрямок Б,Удар БпЛА,4.0,18.12,19.9
E00143,2026-08-29 11:14:00,2026-08-29,Напрямок Б,Штурмові дії,4.0,23.25,24.98
E00152,2026-08-29 12:30:00,2026-08-29,Напрямок Б,Удар БпЛА,2.0,21.75,21.87
E00148,2026-08-29 13:52:00,2026-08-29,Напрямок Б,Штурмові дії,2.0,20.51,21.98
E00155,2026-08-29 14:16:00,2026-08-29,Напрямок Б,Штурмові дії,3.0,24.45,22.8
E00141,2026-08-29 14:51:00,2026-08-29,Напрямок А,Штурмові дії,2.0,6.82,26.41
E00146,2026-08-29 15:16:00,2026-08-29,Напрямок Б,Штурмові дії,3.0,19.7,24.22
E00160,2026-08-29 15:22:00,2026-08-29,Напрямок Г,Дії ДРГ,1.0,51.93,14.11
E00144,2026-08-29 16:07:00,2026-08-29,Напрямок Б,Артобстріл,2.0,21.17,24.5
E00157,2026-08-29 17:11:00,2026-08-29,Напрямок В,Артобстріл,2.0,34.48,20.08
E00153,2026-08-29 17:53:00,2026-08-29,Напрямок Б,Штурмові дії,2.0,19.43,27.48
E00151,2026-08-29 19:12:00,2026-08-29,Напрямок Б,Авіаудар (КАБ),3.0,16.32,22.89
E00137,2026-08-29 20:26:00,2026-08-29,Напрямок А,Штурмові дії,3.0,12.97,28.37
E00158,2026-08-29 21:40:00,2026-08-29,Напрямок В,Артобстріл,3.0,38.81,18.37
E00147,2026-08-29 21:58:00,2026-08-29,Напрямок Б,Артобстріл,2.0,21.88,26.35
E00159,2026-08-29 22:00:00,2026-08-29,Напрямок Г,Авіаудар (КАБ),2.0,51.11,12.29
E00139,2026-08-29 22:04:00,2026-08-29,Напрямок А,Артобстріл,1.0,9.94,33.35
E00142,2026-08-29 23:56:00,2026-08-29,Напрямок Б,Удар БпЛА,2.0,22.34,25.52
E00175,2026-08-30 01:32:00,2026-08-30,Напрямок В,Дії ДРГ,2.0,37.5,20.46
E00178,2026-08-30 03:24:00,2026-08-30,Напрямок В,Артобстріл,1.0,41.29,17.04
E00173,2026-08-30 06:29:00,2026-08-30,Напрямок Б,Авіаудар (КАБ),4.0,24.36,23.83
E00164,2026-08-30 07:36:00,2026-08-30,Напрямок А,Удар БпЛА,2.0,6.33,24.88
E00170,2026-08-30 09:09:00,2026-08-30,Напрямок Б,Штурмові дії,4.0,22.68,26.12
E00182,2026-08-30 09:27:00,2026-08-30,Напрямок В,Удар БпЛА,1.0,37.28,12.68
E00162,2026-08-30 10:51:00,2026-08-30,Напрямок А,Удар БпЛА,1.0,11.38,29.88
E00181,2026-08-30 11:09:00,2026-08-30,Напрямок В,Артобстріл,2.0,38.2,18.12
E00166,2026-08-30 12:16:00,2026-08-30,Напрямок А,Авіаудар (КАБ),2.0,7.4,32.85
E00168,2026-08-30 13:49:00,2026-08-30,Напрямок А,Артобстріл,1.0,6.85,32.23
E00176,2026-08-30 14:55:00,2026-08-30,Напрямок В,Удар БпЛА,3.0,38.06,17.78
E00165,2026-08-30 15:44:00,2026-08-30,Напрямок А,Удар БпЛА,3.0,8.22,32.49
E00171,2026-08-30 15:46:00,2026-08-30,Напрямок Б,Удар БпЛА,2.0,19.36,25.94
E00180,2026-08-30 15:57:00,2026-08-30,Напрямок В,Удар БпЛА,2.0,43.69,20.3
E00183,2026-08-30 16:16:00,2026-08-30,Напрямок Г,Авіаудар (КАБ),3.0,47.42,7.8
E00177,2026-08-30 17:30:00,2026-08-30,Напрямок В,Дії ДРГ,3.0,37.22,17.61
E00169,2026-08-30 17:31:00,2026-08-30,Напрямок Б,Артобстріл,1.0,22.1,22.64
E00174,2026-08-30 19:22:00,2026-08-30,Напрямок Б,Удар БпЛА,3.0,21.75,26.47
E00172,2026-08-30 20:37:00,2026-08-30,Напрямок Б,Артобстріл,4.0,27.44,19.31
E00167,2026-08-30 20:58:00,2026-08-30,Напрямок А,Удар БпЛА,3.0,4.48,33.02
E00179,2026-08-30 23:05:00,2026-08-30,Напрямок В,Удар БпЛА,1.0,39.25,16.99
E00163,2026-08-30 23:49:00,2026-08-30,Напрямок А,Дії ДРГ,2.0,8.89,31.77
E00200,2026-08-31 00:18:00,2026-08-31,Напрямок В,Дії ДРГ,2.0,38.19,17.69
E00202,2026-08-31 02:05:00,2026-08-31,Напрямок В,Удар БпЛА,1.0,35.83,18.38
E00197,2026-08-31 02:09:00,2026-08-31,Напрямок В,Дії ДРГ,2.0,37.32,16.68
E00203,2026-08-31 02:34:00,2026-08-31,Напрямок В,Удар БпЛА,3.0,30.73,16.25
E00186,2026-08-31 02:44:00,2026-08-31,Напрямок А,Штурмові дії,3.0,13.57,25.24
E00184,2026-08-31 03:52:00,2026-08-31,Напрямок А,Удар БпЛА,2.0,9.82,34.21
E00205,2026-08-31 06:50:00,2026-08-31,Напрямок Г,Удар БпЛА,2.0,50.04,9.46
E00208,2026-08-31 09:47:00,2026-08-31,Напрямок Г,Дії ДРГ,1.0,49.37,8.06
E00193,2026-08-31 10:28:00,2026-08-31,Напрямок Б,Авіаудар (КАБ),1.0,21.14,23.45
E00196,2026-08-31 10:46:00,2026-08-31,Напрямок Б,Артобстріл,1.0,24.54,24.84
E00210,2026-08-31 12:15:00,2026-08-31,Напрямок Г,Артобстріл,2.0,50.1,11.4
E00195,2026-08-31 14:04:00,2026-08-31,Напрямок Б,Артобстріл,2.0,22.42,24.53
E00192,2026-08-31 14:27:00,2026-08-31,Напрямок Б,Удар БпЛА,1.0,21.65,20.16
E00211,2026-08-31 17:37:00,2026-08-31,Напрямок Г,Артобстріл,1.0,45.0,11.19
E00185,2026-08-31 17:41:00,2026-08-31,Напрямок А,Артобстріл,2.0,9.87,29.41
E00201,2026-08-31 17:45:00,2026-08-31,Напрямок В,Удар БпЛА,3.0,42.29,18.08
E00188,2026-08-31 18:42:00,2026-08-31,Напрямок А,Штурмові дії,3.0,15.81,32.75
E00206,2026-08-31 18:52:00,2026-08-31,Напрямок Г,Дії ДРГ,1.0,51.8,12.23
E00207,2026-08-31 20:43:00,2026-08-31,Напрямок Г,Удар БпЛА,1.0,51.47,13.05
E00198,2026-08-31 20:51:00,2026-08-31,Напрямок В,Артобстріл,2.0,36.59,15.11
E00194,2026-08-31 20:52:00,2026-08-31,Напрямок Б,Штурмові дії,3.0,21.32,26.73
E00191,2026-08-31 21:13:00,2026-08-31,Напрямок Б,Удар БпЛА,3.0,24.78,26.78
E00187,2026-08-31 21:14:00,2026-08-31,Напрямок А,Удар БпЛА,3.0,5.47,29.36
E00199,2026-08-31 21:58:00,2026-08-31,Напрямок В,Удар БпЛА,1.0,41.33,18.88
E00190,2026-08-31 22:03:00,2026-08-31,Напрямок А,Удар БпЛА,3.0,10.77,29.1
E00204,2026-08-31 22:49:00,2026-08-31,Напрямок Г,Дії ДРГ,3.0,59.85,15.11
E00189,2026-08-31 23:01:00,2026-08-31,Напрямок А,Удар БпЛА,1.0,11.21,28.03
E00209,2026-08-31 23:16:00,2026-08-31,Напрямок Г,Авіаудар (КАБ),3.0,48.75,11.11
E00227,2026-09-01 00:10:00,2026-09-01,Напрямок В,Авіаудар (КАБ),3.0,35.97,18.79
E00220,2026-09-01 01:12:00,2026-09-01,Напрямок Б,Удар БпЛА,2.0,24.05,26.84
E00222,2026-09-01 01:48:00,2026-09-01,Напрямок Б,Артобстріл,2.0,20.77,26.19
E00212,2026-09-01 02:00:00,2026-09-01,Напрямок А,Артобстріл,1.0,7.53,27.95
E00231,2026-09-01 02:44:00,2026-09-01,Напрямок Г,Штурмові дії,1.0,49.29,14.96
E00225,2026-09-01 02:54:00,2026-09-01,Напрямок В,Дії ДРГ,4.0,34.05,18.57
E00217,2026-09-01 04:00:00,2026-09-01,Напрямок Б,Артобстріл,4.0,17.21,21.93
E00234,2026-09-01 06:16:00,2026-09-01,Напрямок Г,Артобстріл,1.0,52.83,9.82
E00229,2026-09-01 06:38:00,2026-09-01,Напрямок В,Артобстріл,2.0,40.86,21.04
E00226,2026-09-01 08:15:00,2026-09-01,Напрямок В,Удар БпЛА,1.0,40.53,16.83
E00233,2026-09-01 08:48:00,2026-09-01,Напрямок Г,Артобстріл,2.0,50.3,11.92
E00223,2026-09-01 09:52:00,2026-09-01,Напрямок Б,Удар БпЛА,1.0,24.13,24.53
E00218,2026-09-01 12:06:00,2026-09-01,Напрямок Б,Штурмові дії,2.0,26.18,24.54
E00219,2026-09-01 14:54:00,2026-09-01,Напрямок Б,Артобстріл,3.0,20.85,22.38
E00213,2026-09-01 15:04:00,2026-09-01,Напрямок А,Штурмові дії,3.0,10.87,28.81
E00230,2026-09-01 16:21:00,2026-09-01,Напрямок Г,Удар БпЛА,3.0,52.53,8.43
E00232,2026-09-01 17:53:00,2026-09-01,Напрямок Г,Удар БпЛА,4.0,55.21,11.75
E00215,2026-09-01 19:05:00,2026-09-01,Напрямок А,Артобстріл,2.0,3.63,30.5
E00221,2026-09-01 20:34:00,2026-09-01,Напрямок Б,Штурмові дії,4.0,24.12,20.33
E00235,2026-09-01 23:03:00,2026-09-01,Напрямок Г,Удар БпЛА,3.0,54.47,8.18
E00228,2026-09-01 23:10:00,2026-09-01,Напрямок В,Удар БпЛА,5.0,35.73,21.32
E00214,2026-09-01 23:13:00,2026-09-01,Напрямок А,Дії ДРГ,3.0,11.64,33.34
E00224,2026-09-01 23:44:00,2026-09-01,Напрямок Б,Штурмові дії,4.0,23.09,18.1
E00216,2026-09-01 23:53:00,2026-09-01,Напрямок Б,Авіаудар (КАБ),2.0,23.29,23.41
E00237,2026-09-02 00:00:00,2026-09-02,Напрямок А,Дії ДРГ,1.0,13.78,30.07
E00238,2026-09-02 02:31:00,2026-09-02,Напрямок А,Дії ДРГ,1.0,10.83,36.49
E00248,2026-09-02 04:29:00,2026-09-02,Напрямок Б,Штурмові дії,2.0,25.06,26.96
E00246,2026-09-02 04:32:00,2026-09-02,Напрямок Б,Артобстріл,2.0,23.33,22.62
E00256,2026-09-02 04:44:00,2026-09-02,Напрямок Г,Артобстріл,2.0,53.94,10.61
E00259,2026-09-02 05:49:00,2026-09-02,Напрямок Г,Удар БпЛА,1.0,57.46,14.04
E00240,2026-09-02 06:36:00,2026-09-02,Напрямок Б,Дії ДРГ,1.0,20.43,19.55
E00253,2026-09-02 07:14:00,2026-09-02,Напрямок В,Артобстріл,2.0,34.03,17.33
E00249,2026-09-02 08:27:00,2026-09-02,Напрямок В,Дії ДРГ,1.0,43.09,21.73
E00236,2026-09-02 09:13:00,2026-09-02,Напрямок А,Артобстріл,,12.97,30.69
E00243,2026-09-02 10:00:00,2026-09-02,Напрямок Б,Артобстріл,4.0,18.3,20.84
E00261,2026-09-02 10:26:00,2026-09-02,Напрямок Г,Артобстріл,1.0,57.05,9.52
E00244,2026-09-02 10:38:00,2026-09-02,Напрямок Б,Штурмові дії,3.0,17.61,21.64
E00247,2026-09-02 12:59:00,2026-09-02,Напрямок Б,Дії ДРГ,2.0,27.06,18.74
E00242,2026-09-02 15:28:00,2026-09-02,Напрямок Б,Штурмові дії,2.0,24.92,23.48
E00258,2026-09-02 15:39:00,2026-09-02,Напрямок Г,Штурмові дії,3.0,53.45,8.59
E00260,2026-09-02 16:13:00,2026-09-02,Напрямок Г,Артобстріл,3.0,47.15,15.6
E00250,2026-09-02 16:19:00,2026-09-02,Напрямок В,Удар БпЛА,1.0,37.43,12.71
E00251,2026-09-02 17:24:00,2026-09-02,Напрямок В,Артобстріл,2.0,37.47,17.74
E00257,2026-09-02 17:38:00,2026-09-02,Напрямок Г,Артобстріл,1.0,47.45,11.65
E00245,2026-09-02 18:34:00,2026-09-02,Напрямок Б,Удар БпЛА,2.0,23.99,25.37
E00255,2026-09-02 19:49:00,2026-09-02,Напрямок В,Удар БпЛА,1.0,34.05,21.49
E00252,2026-09-02 20:46:00,2026-09-02,Напрямок В,Удар БпЛА,3.0,37.86,20.9
E00241,2026-09-02 22:39:00,2026-09-02,Напрямок Б,Авіаудар (КАБ),1.0,23.31,28.82
E00262,2026-09-02 23:02:00,2026-09-02,Напрямок Г,Удар БпЛА,2.0,52.33,8.44
E00239,2026-09-02 23:11:00,2026-09-02,Напрямок А,Артобстріл,3.0,4.85,33.21
E00254,2026-09-02 23:43:00,2026-09-02,Напрямок В,Авіаудар (КАБ),3.0,43.22,16.19
E00266,2026-09-03 00:47:00,2026-09-03,Напрямок А,Дії ДРГ,1.0,5.1,30.68
E00269,2026-09-03 07:17:00,2026-09-03,Напрямок Б,Удар БпЛА,2.0,27.26,25.22
E00272,2026-09-03 07:43:00,2026-09-03,Напрямок В,Артобстріл,1.0,35.79,16.48
E00271,2026-09-03 12:17:00,2026-09-03,Напрямок В,Артобстріл,2.0,42.09,16.39
E00263,2026-09-03 12:46:00,2026-09-03,Напрямок А,Удар БпЛА,1.0,1.87,26.99
E00274,2026-09-03 13:00:00,2026-09-03,Напрямок Г,Дії ДРГ,2.0,53.35,7.87
E00273,2026-09-03 14:58:00,2026-09-03,Напрямок В,Удар БпЛА,2.0,33.36,22.86
E00268,2026-09-03 14:59:00,2026-09-03,Напрямок Б,Удар БпЛА,2.0,20.63,25.78
E00264,2026-09-03 15:30:00,2026-09-03,Напрямок А,Артобстріл,1.0,9.7,29.85
E00270,2026-09-03 16:30:00,2026-09-03,Напрямок Б,Авіаудар (КАБ),4.0,26.77,23.4
E00275,2026-09-03 19:20:00,2026-09-03,Напрямок Г,Дії ДРГ,5.0,55.26,12.91
E00267,2026-09-03 20:18:00,2026-09-03,Напрямок Б,Артобстріл,1.0,26.83,21.82
E00265,2026-09-03 20:48:00,2026-09-03,Напрямок А,Авіаудар (КАБ),3.0,6.44,31.81
E00277,2026-09-04 01:06:00,2026-09-04,Напрямок А,Авіаудар (КАБ),2.0,7.66,23.63
E00283,2026-09-04 03:28:00,2026-09-04,Напрямок Б,Удар БпЛА,3.0,23.23,27.01
E00286,2026-09-04 03:46:00,2026-09-04,Напрямок Б,Артобстріл,1.0,21.43,23.3
E00290,2026-09-04 05:54:00,2026-09-04,Напрямок В,Штурмові дії,2.0,35.19,15.93
E00295,2026-09-04 06:00:00,2026-09-04,Напрямок Г,Артобстріл,1.0,51.47,13.57
E00294,2026-09-04 08:35:00,2026-09-04,Напрямок Г,Дії ДРГ,1.0,50.32,17.22
E00276,2026-09-04 11:44:00,2026-09-04,Напрямок А,Артобстріл,1.0,13.09,27.76
E00292,2026-09-04 12:25:00,2026-09-04,Напрямок Г,Удар БпЛА,1.0,52.89,14.12
E00279,2026-09-04 14:10:00,2026-09-04,Напрямок А,Артобстріл,1.0,8.38,33.8
E00291,2026-09-04 15:47:00,2026-09-04,Напрямок В,Артобстріл,1.0,39.32,16.2
E00293,2026-09-04 16:03:00,2026-09-04,Напрямок Г,Артобстріл,2.0,50.37,12.46
E00278,2026-09-04 16:15:00,2026-09-04,Напрямок А,Артобстріл,1.0,6.54,33.8
E00280,2026-09-04 17:22:00,2026-09-04,Напрямок А,Дії ДРГ,1.0,7.78,33.03
E00281,2026-09-04 17:30:00,2026-09-04,Напрямок А,Артобстріл,2.0,7.63,28.57
E00282,2026-09-04 18:15:00,2026-09-04,Напрямок Б,Удар БпЛА,1.0,22.08,19.87
E00288,2026-09-04 18:36:00,2026-09-04,Напрямок В,Артобстріл,1.0,41.53,17.05
E00284,2026-09-04 19:05:00,2026-09-04,Напрямок Б,Штурмові дії,3.0,29.0,25.65
E00289,2026-09-04 19:08:00,2026-09-04,Напрямок В,Удар БпЛА,2.0,30.75,15.96
E00287,2026-09-04 20:51:00,2026-09-04,Напрямок Б,Штурмові дії,1.0,21.87,24.25
E00285,2026-09-04 21:06:00,2026-09-04,Напрямок Б,Штурмові дії,4.0,19.18,24.18
E00310,2026-09-05 00:19:00,2026-09-05,Напрямок Г,Дії ДРГ,3.0,46.1,13.66
E00297,2026-09-05 00:52:00,2026-09-05,Напрямок Б,Артобстріл,1.0,21.27,24.98
E00299,2026-09-05 01:38:00,2026-09-05,Напрямок Б,Артобстріл,1.0,21.81,26.83
E00306,2026-09-05 01:38:00,2026-09-05,Напрямок Г,Дії ДРГ,3.0,52.53,12.21
E00305,2026-09-05 08:29:00,2026-09-05,Напрямок В,Артобстріл,3.0,35.49,18.81
E00301,2026-09-05 08:38:00,2026-09-05,Напрямок Б,Удар БпЛА,1.0,17.87,23.02
E00302,2026-09-05 11:41:00,2026-09-05,Напрямок В,Артобстріл,1.0,36.68,15.23
E00304,2026-09-05 12:02:00,2026-09-05,Напрямок В,Дії ДРГ,1.0,35.05,19.08
E00309,2026-09-05 13:02:00,2026-09-05,Напрямок Г,Артобстріл,1.0,44.39,13.61
E00298,2026-09-05 15:35:00,2026-09-05,Напрямок Б,Артобстріл,1.0,22.93,24.35
E00296,2026-09-05 18:46:00,2026-09-05,Напрямок А,Удар БпЛА,3.0,8.89,31.45
E00308,2026-09-05 19:51:00,2026-09-05,Напрямок Г,Удар БпЛА,2.0,44.94,11.75
E00300,2026-09-05 20:07:00,2026-09-05,Напрямок Б,Штурмові дії,4.0,24.7,22.91
E00303,2026-09-05 20:27:00,2026-09-05,Напрямок В,Артобстріл,1.0,39.89,19.35
E00307,2026-09-05 20:57:00,2026-09-05,Напрямок Г,Дії ДРГ,2.0,47.8,13.56
E00327,2026-09-06 00:12:00,2026-09-06,Напрямок Б,Удар БпЛА,1.0,20.71,23.34
E00317,2026-09-06 01:15:00,2026-09-06,Напрямок А,Артобстріл,1.0,8.35,32.76
E00334,2026-09-06 02:08:00,2026-09-06,Напрямок В,Авіаудар (КАБ),3.0,44.9,18.5
E00316,2026-09-06 03:25:00,2026-09-06,Напрямок А,Удар БпЛА,3.0,8.45,27.35
E00315,2026-09-06 04:13:00,2026-09-06,Напрямок А,Дії ДРГ,1.0,12.4,28.82
E00313,2026-09-06 04:28:00,2026-09-06,Напрямок А,Артобстріл,1.0,5.85,35.47
E00314,2026-09-06 05:14:00,2026-09-06,Напрямок А,Артобстріл,1.0,10.55,34.32
E00312,2026-09-06 05:34:00,2026-09-06,Напрямок А,Дії ДРГ,3.0,5.22,29.6
E00319,2026-09-06 06:24:00,2026-09-06,Напрямок А,Авіаудар (КАБ),4.0,4.96,32.23
E00332,2026-09-06 06:25:00,2026-09-06,Напрямок В,Артобстріл,4.0,37.66,20.36
E00322,2026-09-06 07:00:00,2026-09-06,Напрямок Б,Штурмові дії,2.0,25.23,22.22
E00329,2026-09-06 07:34:00,2026-09-06,Напрямок Б,Штурмові дії,2.0,23.15,21.69
E00335,2026-09-06 07:47:00,2026-09-06,Напрямок В,Удар БпЛА,1.0,40.15,22.32
E00330,2026-09-06 08:31:00,2026-09-06,Напрямок Б,Артобстріл,3.0,25.3,27.74
E00340,2026-09-06 09:16:00,2026-09-06,Напрямок Г,Удар БпЛА,1.0,51.83,10.64
E00339,2026-09-06 09:40:00,2026-09-06,Напрямок Г,Штурмові дії,3.0,51.12,12.82
E00325,2026-09-06 09:44:00,2026-09-06,Напрямок Б,Удар БпЛА,1.0,25.86,22.62
E00333,2026-09-06 10:32:00,2026-09-06,Напрямок В,Удар БпЛА,2.0,37.01,14.93
E00323,2026-09-06 10:33:00,2026-09-06,Напрямок Б,Удар БпЛА,1.0,28.07,24.76
E00338,2026-09-06 11:12:00,2026-09-06,Напрямок В,Артобстріл,1.0,42.74,18.64
E00321,2026-09-06 13:13:00,2026-09-06,Напрямок Б,Авіаудар (КАБ),5.0,22.79,24.48
E00320,2026-09-06 13:53:00,2026-09-06,Напрямок Б,Удар БпЛА,1.0,24.17,23.82
E00342,2026-09-06 14:02:00,2026-09-06,Напрямок Г,Дії ДРГ,4.0,53.03,11.79
E00341,2026-09-06 17:55:00,2026-09-06,Напрямок Г,Дії ДРГ,1.0,56.25,13.08
E00345,2026-09-06 18:00:00,2026-09-06,Напрямок Г,Артобстріл,2.0,56.02,9.33
E00324,2026-09-06 18:46:00,2026-09-06,Напрямок Б,Удар БпЛА,4.0,23.16,22.04
E00337,2026-09-06 18:59:00,2026-09-06,Напрямок В,Штурмові дії,3.0,39.92,19.3
E00328,2026-09-06 19:51:00,2026-09-06,Напрямок Б,Дії ДРГ,1.0,23.88,23.57
E00343,2026-09-06 20:15:00,2026-09-06,Напрямок Г,Дії ДРГ,2.0,51.94,17.04
E00344,2026-09-06 20:52:00,2026-09-06,Напрямок Г,Артобстріл,3.0,48.79,16.36
E00311,2026-09-06 21:23:00,2026-09-06,Напрямок А,Дії ДРГ,1.0,11.75,32.66
E00318,2026-09-06 21:42:00,2026-09-06,Напрямок А,Удар БпЛА,1.0,9.3,32.15
E00336,2026-09-06 21:43:00,2026-09-06,Напрямок В,Авіаудар (КАБ),4.0,38.97,15.55
E00326,2026-09-06 23:47:00,2026-09-06,Напрямок Б,Авіаудар (КАБ),3.0,22.05,21.65
E00331,2026-09-06 23:58:00,2026-09-06,Напрямок В,Удар БпЛА,2.0,38.72,20.38
E00377,2026-09-07 00:27:00,2026-09-07,Напрямок Г,Штурмові дії,4.0,51.7,10.16
E00360,2026-09-07 00:27:00,2026-09-07,Напрямок Б,Штурмові дії,,16.38,21.49
E00348,2026-09-07 00:34:00,2026-09-07,Напрямок А,Штурмові дії,3.0,7.51,32.36
E00353,2026-09-07 00:40:00,2026-09-07,Напрямок А,Дії ДРГ,2.0,13.59,31.56
E00346,2026-09-07 01:32:00,2026-09-07,Напрямок А,Дії ДРГ,2.0,4.67,31.67
E00350,2026-09-07 01:33:00,2026-09-07,Напрямок А,Дії ДРГ,1.0,5.96,28.8
E00356,2026-09-07 01:48:00,2026-09-07,Напрямок А,Артобстріл,2.0,16.65,30.23
E00374,2026-09-07 02:07:00,2026-09-07,Напрямок В,Штурмові дії,5.0,35.66,12.7
E00379,2026-09-07 02:43:00,2026-09-07,Напрямок Г,Штурмові дії,2.0,46.98,13.83
E00363,2026-09-07 04:16:00,2026-09-07,Напрямок Б,Штурмові дії,4.0,17.66,24.84
E00373,2026-09-07 04:39:00,2026-09-07,Напрямок В,Артобстріл,2.0,36.18,19.3
E00352,2026-09-07 08:04:00,2026-09-07,Напрямок А,Штурмові дії,3.0,10.01,31.95
E00371,2026-09-07 08:33:00,2026-09-07,Напрямок В,Дії ДРГ,3.0,36.84,15.22
E00366,2026-09-07 09:21:00,2026-09-07,Напрямок В,Удар БпЛА,2.0,43.94,15.72
E00358,2026-09-07 12:14:00,2026-09-07,Напрямок А,Удар БпЛА,2.0,7.47,27.87
E00372,2026-09-07 13:49:00,2026-09-07,Напрямок В,Артобстріл,4.0,35.01,17.28
E00359,2026-09-07 13:55:00,2026-09-07,Напрямок Б,Штурмові дії,3.0,18.43,27.14
E00357,2026-09-07 15:05:00,2026-09-07,Напрямок А,Авіаудар (КАБ),2.0,3.98,27.92
E00362,2026-09-07 15:29:00,2026-09-07,Напрямок Б,Штурмові дії,3.0,23.35,20.33
E00347,2026-09-07 15:51:00,2026-09-07,Напрямок А,Артобстріл,2.0,7.21,26.27
E00361,2026-09-07 15:55:00,2026-09-07,Напрямок Б,Удар БпЛА,4.0,25.99,22.54
E00367,2026-09-07 16:25:00,2026-09-07,Напрямок В,Артобстріл,1.0,39.66,21.48
E00376,2026-09-07 16:42:00,2026-09-07,Напрямок Г,Артобстріл,2.0,49.07,14.91
E00364,2026-09-07 16:45:00,2026-09-07,Напрямок Б,Удар БпЛА,1.0,24.59,24.37
E00351,2026-09-07 17:24:00,2026-09-07,Напрямок А,Удар БпЛА,2.0,4.13,32.2
E00369,2026-09-07 17:48:00,2026-09-07,Напрямок В,Артобстріл,2.0,38.35,18.05
E00349,2026-09-07 18:01:00,2026-09-07,Напрямок А,Дії ДРГ,1.0,12.95,33.41
E00355,2026-09-07 18:18:00,2026-09-07,Напрямок А,Удар БпЛА,3.0,7.71,26.92
E00368,2026-09-07 18:41:00,2026-09-07,Напрямок В,Удар БпЛА,2.0,36.85,16.23
E00378,2026-09-07 20:10:00,2026-09-07,Напрямок Г,Дії ДРГ,2.0,54.38,12.69
E00365,2026-09-07 20:15:00,2026-09-07,Напрямок Б,Штурмові дії,5.0,19.59,24.24
E00354,2026-09-07 22:13:00,2026-09-07,Напрямок А,Дії ДРГ,2.0,10.28,31.15
E00375,2026-09-07 23:06:00,2026-09-07,Напрямок Г,Артобстріл,2.0,53.66,11.29
E00370,2026-09-07 23:25:00,2026-09-07,Напрямок В,Артобстріл,1.0,33.57,22.49
E00403,2026-09-08 00:37:00,2026-09-08,Напрямок В,Артобстріл,3.0,41.78,17.1
E00388,2026-09-08 01:11:00,2026-09-08,Напрямок Б,Авіаудар (КАБ),2.0,22.51,28.48
E00404,2026-09-08 01:29:00,2026-09-08,Напрямок В,Удар БпЛА,2.0,37.31,15.63
E00398,2026-09-08 01:58:00,2026-09-08,Напрямок В,Артобстріл,2.0,31.89,17.62
E00400,2026-09-08 02:10:00,2026-09-08,Напрямок В,Дії ДРГ,1.0,41.84,23.04
E00396,2026-09-08 02:31:00,2026-09-08,Напрямок Б,Артобстріл,2.0,24.81,24.37
E00383,2026-09-08 03:08:00,2026-09-08,Напрямок А,Дії ДРГ,1.0,11.67,26.9
E00408,2026-09-08 03:16:00,2026-09-08,Напрямок Г,Артобстріл,3.0,54.07,15.09
E00380,2026-09-08 03:25:00,2026-09-08,Напрямок А,Артобстріл,2.0,7.2,30.84
E00411,2026-09-08 05:04:00,2026-09-08,Напрямок Г,Артобстріл,3.0,54.66,10.24
E00406,2026-09-08 05:18:00,2026-09-08,Напрямок Г,Удар БпЛА,2.0,51.16,14.45
E00397,2026-09-08 05:32:00,2026-09-08,Напрямок Б,Артобстріл,3.0,26.73,29.47
E00402,2026-09-08 05:37:00,2026-09-08,Напрямок В,Артобстріл,3.0,38.22,19.55
E00382,2026-09-08 07:07:00,2026-09-08,Напрямок А,Артобстріл,3.0,10.28,27.75
E00410,2026-09-08 07:12:00,2026-09-08,Напрямок Г,Удар БпЛА,3.0,52.57,9.2
E00407,2026-09-08 08:31:00,2026-09-08,Напрямок Г,Удар БпЛА,2.0,51.45,10.4
E00391,2026-09-08 08:33:00,2026-09-08,Напрямок Б,Артобстріл,3.0,20.91,22.06
E00395,2026-09-08 10:29:00,2026-09-08,Напрямок Б,Артобстріл,4.0,23.22,24.8
E00409,2026-09-08 11:06:00,2026-09-08,Напрямок Г,Дії ДРГ,2.0,52.55,10.91
E00405,2026-09-08 11:17:00,2026-09-08,Напрямок В,Артобстріл,1.0,44.28,19.56
E00390,2026-09-08 11:34:00,2026-09-08,Напрямок Б,Артобстріл,1.0,22.2,22.51
E00384,2026-09-08 12:09:00,2026-09-08,Напрямок А,Дії ДРГ,3.0,9.79,31.12
E00386,2026-09-08 13:45:00,2026-09-08,Напрямок А,Артобстріл,3.0,7.16,29.33
E00389,2026-09-08 14:06:00,2026-09-08,Напрямок Б,Удар БпЛА,2.0,17.47,19.95
E00401,2026-09-08 14:40:00,2026-09-08,Напрямок В,Штурмові дії,2.0,41.41,15.81
E00393,2026-09-08 15:13:00,2026-09-08,Напрямок Б,Удар БпЛА,2.0,18.81,26.28
E00399,2026-09-08 18:35:00,2026-09-08,Напрямок В,Артобстріл,1.0,44.04,15.1
E00412,2026-09-08 18:43:00,2026-09-08,Напрямок Г,Дії ДРГ,2.0,49.43,11.1
E00392,2026-09-08 18:56:00,2026-09-08,Напрямок Б,Артобстріл,1.0,18.37,20.67
E00387,2026-09-08 19:05:00,2026-09-08,Напрямок А,Удар БпЛА,1.0,5.8,31.19
E00381,2026-09-08 20:01:00,2026-09-08,Напрямок А,Артобстріл,3.0,13.03,27.76
E00394,2026-09-08 20:47:00,2026-09-08,Напрямок Б,Артобстріл,1.0,21.11,23.44
E00385,2026-09-08 21:38:00,2026-09-08,Напрямок А,Артобстріл,2.0,9.8,34.3
E00425,2026-09-09 00:14:00,2026-09-09,Напрямок В,Артобстріл,2.0,36.74,20.05
E00433,2026-09-09 02:13:00,2026-09-09,Напрямок Г,Артобстріл,1.0,52.53,10.66
E00426,2026-09-09 02:24:00,2026-09-09,Напрямок В,Удар БпЛА,2.0,37.64,16.94
E00432,2026-09-09 06:27:00,2026-09-09,Напрямок Г,Артобстріл,2.0,49.74,15.32
E00419,2026-09-09 06:46:00,2026-09-09,Напрямок Б,Штурмові дії,3.0,17.73,24.98
E00427,2026-09-09 07:38:00,2026-09-09,Напрямок В,Удар БпЛА,2.0,36.74,14.44
E00437,2026-09-09 08:14:00,2026-09-09,Напрямок Г,Артобстріл,2.0,49.5,6.95
E00421,2026-09-09 08:50:00,2026-09-09,Напрямок В,Удар БпЛА,2.0,39.96,19.41
E00436,2026-09-09 10:03:00,2026-09-09,Напрямок Г,Артобстріл,3.0,51.62,12.62
E00439,2026-09-09 10:41:00,2026-09-09,Напрямок Г,Дії ДРГ,3.0,52.31,16.0
E00420,2026-09-09 11:09:00,2026-09-09,Напрямок Б,Артобстріл,2.0,18.25,20.54
E00431,2026-09-09 11:24:00,2026-09-09,Напрямок Г,Дії ДРГ,4.0,53.08,12.91
E00415,2026-09-09 12:33:00,2026-09-09,Напрямок А,Артобстріл,1.0,5.04,32.85
E00429,2026-09-09 14:37:00,2026-09-09,Напрямок В,Удар БпЛА,1.0,35.37,15.16
E00423,2026-09-09 15:08:00,2026-09-09,Напрямок В,Авіаудар (КАБ),2.0,38.19,21.11
E00438,2026-09-09 15:13:00,2026-09-09,Напрямок Г,Удар БпЛА,1.0,52.22,12.01
E00434,2026-09-09 15:59:00,2026-09-09,Напрямок Г,Дії ДРГ,1.0,51.28,13.86
E00414,2026-09-09 18:14:00,2026-09-09,Напрямок А,Авіаудар (КАБ),3.0,6.75,29.57
E00416,2026-09-09 18:59:00,2026-09-09,Напрямок Б,Авіаудар (КАБ),3.0,19.84,22.13
E00430,2026-09-09 19:08:00,2026-09-09,Напрямок Г,Дії ДРГ,2.0,51.17,10.15
E00435,2026-09-09 20:15:00,2026-09-09,Напрямок Г,Штурмові дії,4.0,55.79,14.45
E00422,2026-09-09 20:53:00,2026-09-09,Напрямок В,Удар БпЛА,3.0,42.63,15.44
E00424,2026-09-09 20:59:00,2026-09-09,Напрямок В,Удар БпЛА,1.0,38.55,17.44
E00413,2026-09-09 21:15:00,2026-09-09,Напрямок А,Артобстріл,1.0,1.93,30.59
E00428,2026-09-09 21:25:00,2026-09-09,Напрямок В,Дії ДРГ,1.0,40.17,19.01
E00418,2026-09-09 21:34:00,2026-09-09,Напрямок Б,Штурмові дії,3.0,29.53,24.94
E00417,2026-09-09 23:16:00,2026-09-09,Напрямок Б,Артобстріл,2.0,26.69,26.61
E00451,2026-09-10 00:17:00,2026-09-10,Напрямок Б,Штурмові дії,3.0,20.48,25.18
E00449,2026-09-10 00:22:00,2026-09-10,Напрямок А,Дії ДРГ,1.0,6.89,29.0
E00464,2026-09-10 00:47:00,2026-09-10,Напрямок Б,Артобстріл,1.0,16.97,21.33
E00447,2026-09-10 01:26:00,2026-09-10,Напрямок А,Удар БпЛА,2.0,14.72,31.19
E00478,2026-09-10 02:10:00,2026-09-10,Напрямок Г,Артобстріл,2.0,51.05,13.94
E00469,2026-09-10 02:16:00,2026-09-10,Напрямок В,Удар БпЛА,1.0,39.38,18.68
E00472,2026-09-10 02:55:00,2026-09-10,Напрямок В,Штурмові дії,1.0,46.35,18.78
E00440,2026-09-10 04:20:00,2026-09-10,Напрямок А,Штурмові дії,2.0,9.85,29.83
E00456,2026-09-10 04:26:00,2026-09-10,Напрямок Б,Удар БпЛА,2.0,19.59,22.94
E00446,2026-09-10 05:55:00,2026-09-10,Напрямок А,Дії ДРГ,1.0,12.28,30.26
E00458,2026-09-10 05:56:00,2026-09-10,Напрямок Б,Удар БпЛА,2.0,23.22,26.12
E00461,2026-09-10 07:02:00,2026-09-10,Напрямок Б,Удар БпЛА,3.0,27.41,23.89
E00445,2026-09-10 07:08:00,2026-09-10,Напрямок А,Артобстріл,2.0,8.38,33.01
E00479,2026-09-10 07:42:00,2026-09-10,Напрямок Г,Артобстріл,1.0,54.31,9.85
E00473,2026-09-10 08:17:00,2026-09-10,Напрямок Г,Штурмові дії,3.0,52.53,10.35
E00452,2026-09-10 10:08:00,2026-09-10,Напрямок Б,Артобстріл,1.0,22.73,21.74
E00476,2026-09-10 10:33:00,2026-09-10,Напрямок Г,Авіаудар (КАБ),2.0,51.59,14.14
E00468,2026-09-10 11:01:00,2026-09-10,Напрямок В,Авіаудар (КАБ),3.0,38.11,17.02
E00455,2026-09-10 11:25:00,2026-09-10,Напрямок Б,Удар БпЛА,3.0,25.72,23.28
E00467,2026-09-10 11:26:00,2026-09-10,Напрямок В,Артобстріл,3.0,38.37,17.62
E00462,2026-09-10 11:48:00,2026-09-10,Напрямок Б,Артобстріл,1.0,20.87,26.54
E00466,2026-09-10 12:24:00,2026-09-10,Напрямок Б,Артобстріл,2.0,22.45,25.92
E00474,2026-09-10 12:44:00,2026-09-10,Напрямок Г,Дії ДРГ,3.0,53.62,12.9
E00457,2026-09-10 12:53:00,2026-09-10,Напрямок Б,Авіаудар (КАБ),3.0,26.8,23.38
E00443,2026-09-10 12:54:00,2026-09-10,Напрямок А,Удар БпЛА,3.0,11.59,31.1
E00465,2026-09-10 14:05:00,2026-09-10,Напрямок Б,Удар БпЛА,1.0,23.95,25.53
E00475,2026-09-10 14:21:00,2026-09-10,Напрямок Г,Дії ДРГ,2.0,48.26,13.22
E00463,2026-09-10 14:23:00,2026-09-10,Напрямок Б,Удар БпЛА,1.0,21.41,22.04
E00454,2026-09-10 15:02:00,2026-09-10,Напрямок Б,Авіаудар (КАБ),4.0,21.62,22.05
E00450,2026-09-10 15:08:00,2026-09-10,Напрямок Б,Авіаудар (КАБ),1.0,17.67,22.8
E00459,2026-09-10 15:27:00,2026-09-10,Напрямок Б,Артобстріл,4.0,18.17,27.13
E00444,2026-09-10 16:55:00,2026-09-10,Напрямок А,Артобстріл,2.0,9.66,32.44
E00442,2026-09-10 17:04:00,2026-09-10,Напрямок А,Дії ДРГ,3.0,7.81,30.04
E00471,2026-09-10 18:11:00,2026-09-10,Напрямок В,Артобстріл,4.0,35.2,19.93
E00460,2026-09-10 18:45:00,2026-09-10,Напрямок Б,Штурмові дії,3.0,12.43,26.4
E00453,2026-09-10 20:01:00,2026-09-10,Напрямок Б,Удар БпЛА,2.0,17.71,24.28
E00470,2026-09-10 21:04:00,2026-09-10,Напрямок В,Артобстріл,1.0,33.17,18.57
E00448,2026-09-10 22:56:00,2026-09-10,Напрямок А,Дії ДРГ,2.0,6.72,34.6
E00477,2026-09-10 23:15:00,2026-09-10,Напрямок Г,Штурмові дії,4.0,53.61,9.16
E00441,2026-09-10 23:45:00,2026-09-10,Напрямок А,Артобстріл,1.0,6.22,30.08
E00493,2026-09-11 00:00:00,2026-09-11,Напрямок Б,Удар БпЛА,2.0,19.9,25.2
E00488,2026-09-11 00:32:00,2026-09-11,Напрямок Б,Удар БпЛА,2.0,20.13,27.24
E00505,2026-09-11 00:39:00,2026-09-11,Напрямок Г,Удар БпЛА,1.0,46.74,10.25
E00489,2026-09-11 00:50:00,2026-09-11,Напрямок Б,Штурмові дії,3.0,17.03,21.19
E00506,2026-09-11 01:22:00,2026-09-11,Напрямок Г,Артобстріл,3.0,50.63,10.1
E00482,2026-09-11 01:46:00,2026-09-11,Напрямок А,Артобстріл,4.0,11.83,29.48
E00497,2026-09-11 02:47:00,2026-09-11,Напрямок Б,Удар БпЛА,2.0,26.11,22.27
E00490,2026-09-11 03:36:00,2026-09-11,Напрямок Б,Артобстріл,2.0,23.14,25.32
E00483,2026-09-11 04:30:00,2026-09-11,Напрямок А,Дії ДРГ,2.0,5.51,31.8
E00491,2026-09-11 04:36:00,2026-09-11,Напрямок Б,Артобстріл,,15.1,22.75
E00496,2026-09-11 05:23:00,2026-09-11,Напрямок Б,Авіаудар (КАБ),3.0,21.19,23.45
E00484,2026-09-11 05:39:00,2026-09-11,Напрямок А,Удар БпЛА,1.0,11.04,27.51
E00487,2026-09-11 05:39:00,2026-09-11,Напрямок Б,Дії ДРГ,2.0,18.38,22.74
E00492,2026-09-11 05:43:00,2026-09-11,Напрямок Б,Удар БпЛА,1.0,21.12,21.02
E00486,2026-09-11 06:58:00,2026-09-11,Напрямок Б,Артобстріл,1.0,18.72,19.93
E00495,2026-09-11 09:06:00,2026-09-11,Напрямок Б,Удар БпЛА,3.0,26.79,22.03
E00502,2026-09-11 09:08:00,2026-09-11,Напрямок В,Артобстріл,3.0,43.0,15.24
E00494,2026-09-11 09:14:00,2026-09-11,Напрямок Б,Удар БпЛА,1.0,22.13,28.52
E00503,2026-09-11 11:21:00,2026-09-11,Напрямок В,Артобстріл,1.0,37.56,19.48
E00504,2026-09-11 11:52:00,2026-09-11,Напрямок В,Удар БпЛА,1.0,38.49,15.69
E00499,2026-09-11 14:19:00,2026-09-11,Напрямок Б,Авіаудар (КАБ),4.0,27.64,21.0
E00485,2026-09-11 16:01:00,2026-09-11,Напрямок Б,Штурмові дії,3.0,16.25,27.88
E00501,2026-09-11 16:08:00,2026-09-11,Напрямок В,Дії ДРГ,1.0,41.3,16.43
E00507,2026-09-11 17:29:00,2026-09-11,Напрямок Г,Артобстріл,1.0,51.31,14.72
E00498,2026-09-11 18:26:00,2026-09-11,Напрямок Б,Штурмові дії,4.0,24.25,26.63
E00500,2026-09-11 20:37:00,2026-09-11,Напрямок Б,Штурмові дії,3.0,16.91,22.28
E00480,2026-09-11 21:53:00,2026-09-11,Напрямок А,Дії ДРГ,1.0,3.64,31.09
E00481,2026-09-11 23:25:00,2026-09-11,Напрямок А,Артобстріл,3.0,6.91,31.61
E00514,2026-09-12 01:34:00,2026-09-12,Напрямок Б,Штурмові дії,4.0,27.67,24.86
E00522,2026-09-12 02:08:00,2026-09-12,Напрямок Г,Удар БпЛА,2.0,49.73,14.31
E00519,2026-09-12 02:30:00,2026-09-12,Напрямок В,Удар БпЛА,5.0,39.14,15.85
E00509,2026-09-12 03:17:00,2026-09-12,Напрямок А,Штурмові дії,4.0,6.81,28.41
E00511,2026-09-12 06:50:00,2026-09-12,Напрямок Б,Удар БпЛА,3.0,21.72,25.29
E00517,2026-09-12 07:04:00,2026-09-12,Напрямок В,Штурмові дії,2.0,32.72,24.24
E00516,2026-09-12 07:07:00,2026-09-12,Напрямок В,Артобстріл,1.0,36.02,21.73
E00513,2026-09-12 08:41:00,2026-09-12,Напрямок Б,Удар БпЛА,3.0,18.87,23.53
E00508,2026-09-12 12:08:00,2026-09-12,Напрямок А,Авіаудар (КАБ),2.0,10.37,33.35
E00515,2026-09-12 15:07:00,2026-09-12,Напрямок В,Артобстріл,2.0,36.37,16.22
E00521,2026-09-12 16:16:00,2026-09-12,Напрямок Г,Артобстріл,2.0,51.85,10.14
E00518,2026-09-12 16:29:00,2026-09-12,Напрямок В,Артобстріл,3.0,42.98,20.2
E00510,2026-09-12 19:36:00,2026-09-12,Напрямок А,Штурмові дії,3.0,7.25,29.21
E00512,2026-09-12 19:51:00,2026-09-12,Напрямок Б,Штурмові дії,2.0,14.77,26.93
E00520,2026-09-12 21:29:00,2026-09-12,Напрямок Г,Дії ДРГ,2.0,52.53,8.78
E00544,2026-09-13 01:17:00,2026-09-13,Напрямок В,Удар БпЛА,1.0,43.02,17.68
E00524,2026-09-13 02:40:00,2026-09-13,Напрямок А,Штурмові дії,4.0,8.8,29.49
E00531,2026-09-13 03:08:00,2026-09-13,Напрямок Б,Удар БпЛА,4.0,17.46,24.84
E00523,2026-09-13 03:15:00,2026-09-13,Напрямок А,Удар БпЛА,1.0,9.85,32.25
E00528,2026-09-13 04:08:00,2026-09-13,Напрямок Б,Артобстріл,2.0,23.91,24.34
E00529,2026-09-13 05:05:00,2026-09-13,Напрямок Б,Удар БпЛА,3.0,17.84,26.53
E00543,2026-09-13 05:25:00,2026-09-13,Напрямок В,Авіаудар (КАБ),3.0,35.87,17.66
E00525,2026-09-13 05:34:00,2026-09-13,Напрямок А,Удар БпЛА,2.0,11.02,27.99
E00536,2026-09-13 06:32:00,2026-09-13,Напрямок Б,Штурмові дії,2.0,16.6,24.66
E00535,2026-09-13 07:09:00,2026-09-13,Напрямок Б,Удар БпЛА,2.0,17.35,22.84
E00537,2026-09-13 07:19:00,2026-09-13,Напрямок Б,Артобстріл,2.0,25.19,22.12
E00538,2026-09-13 08:15:00,2026-09-13,Напрямок В,Артобстріл,1.0,40.48,14.66
E00539,2026-09-13 08:47:00,2026-09-13,Напрямок В,Удар БпЛА,2.0,36.55,21.34
E00545,2026-09-13 09:50:00,2026-09-13,Напрямок В,Штурмові дії,4.0,39.63,17.96
E00526,2026-09-13 10:35:00,2026-09-13,Напрямок Б,Артобстріл,2.0,22.05,19.97
E00530,2026-09-13 11:17:00,2026-09-13,Напрямок Б,Артобстріл,3.0,23.49,21.01
E00547,2026-09-13 11:33:00,2026-09-13,Напрямок Г,Удар БпЛА,1.0,58.91,11.11
E00542,2026-09-13 11:38:00,2026-09-13,Напрямок В,Авіаудар (КАБ),3.0,38.51,19.58
E00546,2026-09-13 13:00:00,2026-09-13,Напрямок Г,Дії ДРГ,4.0,44.84,12.16
E00540,2026-09-13 13:24:00,2026-09-13,Напрямок В,Удар БпЛА,3.0,45.34,18.06
E00527,2026-09-13 18:11:00,2026-09-13,Напрямок Б,Штурмові дії,1.0,23.17,23.96
E00534,2026-09-13 18:23:00,2026-09-13,Напрямок Б,Авіаудар (КАБ),3.0,19.35,21.04
E00533,2026-09-13 18:45:00,2026-09-13,Напрямок Б,Артобстріл,2.0,22.91,25.44
E00532,2026-09-13 18:49:00,2026-09-13,Напрямок Б,Штурмові дії,1.0,14.67,20.15
E00541,2026-09-13 19:17:00,2026-09-13,Напрямок В,Штурмові дії,4.0,34.2,18.21
E00557,2026-09-14 02:24:00,2026-09-14,Напрямок Б,Авіаудар (КАБ),2.0,24.43,23.48
E00549,2026-09-14 03:22:00,2026-09-14,Напрямок А,Артобстріл,2.0,6.8,27.71
E00564,2026-09-14 03:57:00,2026-09-14,Напрямок Б,Артобстріл,3.0,23.43,27.82
E00566,2026-09-14 05:04:00,2026-09-14,Напрямок В,Артобстріл,3.0,36.46,22.73
E00565,2026-09-14 05:32:00,2026-09-14,Напрямок Б,Авіаудар (КАБ),4.0,25.18,22.54
E00548,2026-09-14 08:22:00,2026-09-14,Напрямок А,Артобстріл,3.0,10.61,27.6
E00563,2026-09-14 08:42:00,2026-09-14,Напрямок Б,Авіаудар (КАБ),3.0,20.96,20.61
E00554,2026-09-14 08:47:00,2026-09-14,Напрямок А,Артобстріл,2.0,6.9,31.64
E00550,2026-09-14 09:46:00,2026-09-14,Напрямок А,Удар БпЛА,2.0,11.18,30.02
E00553,2026-09-14 11:55:00,2026-09-14,Напрямок А,Штурмові дії,2.0,7.2,31.74
E00556,2026-09-14 12:04:00,2026-09-14,Напрямок Б,Артобстріл,4.0,22.73,22.55
E00561,2026-09-14 13:13:00,2026-09-14,Напрямок Б,Дії ДРГ,2.0,25.18,24.77
E00552,2026-09-14 14:37:00,2026-09-14,Напрямок А,Удар БпЛА,1.0,7.5,30.43
E00559,2026-09-14 17:18:00,2026-09-14,Напрямок Б,Дії ДРГ,4.0,21.56,26.12
E00555,2026-09-14 17:32:00,2026-09-14,Напрямок Б,Артобстріл,1.0,22.08,23.19
E00562,2026-09-14 19:44:00,2026-09-14,Напрямок Б,Штурмові дії,2.0,21.19,25.32
E00560,2026-09-14 20:41:00,2026-09-14,Напрямок Б,Артобстріл,1.0,18.96,24.24
E00567,2026-09-14 22:01:00,2026-09-14,Напрямок В,Удар БпЛА,2.0,35.73,19.0
E00551,2026-09-14 22:44:00,2026-09-14,Напрямок А,Артобстріл,2.0,11.21,31.19
E00558,2026-09-14 23:20:00,2026-09-14,Напрямок Б,Удар БпЛА,2.0,18.45,27.12
E00577,2026-09-15 00:07:00,2026-09-15,Напрямок Б,Штурмові дії,4.0,22.54,21.72
E00581,2026-09-15 01:59:00,2026-09-15,Напрямок Б,Артобстріл,3.0,21.53,25.11
E00610,2026-09-15 03:17:00,2026-09-15,Напрямок В,Артобстріл,1.0,39.95,17.46
E00595,2026-09-15 03:18:00,2026-09-15,Напрямок В,Дії ДРГ,2.0,37.45,20.4
E00611,2026-09-15 03:51:00,2026-09-15,Напрямок Г,Артобстріл,1.0,47.22,14.9
E00582,2026-09-15 04:24:00,2026-09-15,Напрямок Б,Артобстріл,2.0,19.96,26.78
E00593,2026-09-15 05:15:00,2026-09-15,Напрямок Б,Артобстріл,3.0,19.53,21.32
E00604,2026-09-15 05:57:00,2026-09-15,Напрямок В,Удар БпЛА,3.0,39.3,18.75
E00579,2026-09-15 06:24:00,2026-09-15,Напрямок Б,Артобстріл,3.0,25.74,24.51
E00598,2026-09-15 06:30:00,2026-09-15,Напрямок В,Артобстріл,2.0,32.37,22.06
E00576,2026-09-15 06:54:00,2026-09-15,Напрямок Б,Удар БпЛА,2.0,22.35,24.62
E00584,2026-09-15 07:26:00,2026-09-15,Напрямок Б,Артобстріл,2.0,24.55,22.14
E00592,2026-09-15 07:58:00,2026-09-15,Напрямок Б,Авіаудар (КАБ),3.0,26.65,24.76
E00583,2026-09-15 10:01:00,2026-09-15,Напрямок Б,Удар БпЛА,2.0,20.96,27.63
E00585,2026-09-15 10:28:00,2026-09-15,Напрямок Б,Удар БпЛА,2.0,21.83,23.81
E00580,2026-09-15 11:45:00,2026-09-15,Напрямок Б,Удар БпЛА,2.0,19.13,23.58
E00596,2026-09-15 12:24:00,2026-09-15,Напрямок В,Артобстріл,2.0,37.84,15.59
E00605,2026-09-15 12:46:00,2026-09-15,Напрямок В,Удар БпЛА,2.0,36.72,18.23
E00602,2026-09-15 12:51:00,2026-09-15,Напрямок В,Артобстріл,3.0,38.26,15.11
E00578,2026-09-15 12:57:00,2026-09-15,Напрямок Б,Штурмові дії,3.0,18.08,21.41
E00601,2026-09-15 13:12:00,2026-09-15,Напрямок В,Артобстріл,2.0,45.69,15.86
E00597,2026-09-15 13:34:00,2026-09-15,Напрямок В,Артобстріл,1.0,35.72,15.45
E00571,2026-09-15 13:57:00,2026-09-15,Напрямок А,Дії ДРГ,1.0,11.8,30.15
E00589,2026-09-15 14:22:00,2026-09-15,Напрямок Б,Штурмові дії,3.0,21.76,26.47
E00590,2026-09-15 14:23:00,2026-09-15,Напрямок Б,Артобстріл,2.0,18.45,22.54
E00591,2026-09-15 15:03:00,2026-09-15,Напрямок Б,Артобстріл,4.0,22.87,21.52
E00570,2026-09-15 15:21:00,2026-09-15,Напрямок А,Артобстріл,2.0,16.39,29.78
E00600,2026-09-15 16:06:00,2026-09-15,Напрямок В,Артобстріл,1.0,37.69,20.03
E00594,2026-09-15 17:08:00,2026-09-15,Напрямок В,Артобстріл,2.0,41.21,16.88
E00603,2026-09-15 17:10:00,2026-09-15,Напрямок В,Штурмові дії,3.0,38.89,19.07
E00573,2026-09-15 17:13:00,2026-09-15,Напрямок А,Дії ДРГ,3.0,9.54,29.95
E00587,2026-09-15 17:21:00,2026-09-15,Напрямок Б,Артобстріл,4.0,16.43,22.56
E00607,2026-09-15 18:03:00,2026-09-15,Напрямок В,Артобстріл,2.0,39.39,18.19
E00568,2026-09-15 18:16:00,2026-09-15,Напрямок А,Дії ДРГ,2.0,13.33,31.76
E00606,2026-09-15 18:24:00,2026-09-15,Напрямок В,Авіаудар (КАБ),4.0,44.89,17.07
E00609,2026-09-15 18:26:00,2026-09-15,Напрямок В,Дії ДРГ,2.0,41.5,17.96
E00586,2026-09-15 18:30:00,2026-09-15,Напрямок Б,Авіаудар (КАБ),5.0,20.64,22.26
E00575,2026-09-15 18:58:00,2026-09-15,Напрямок Б,Авіаудар (КАБ),5.0,21.72,21.95
E00588,2026-09-15 19:41:00,2026-09-15,Напрямок Б,Удар БпЛА,3.0,26.97,20.72
E00574,2026-09-15 21:44:00,2026-09-15,Напрямок Б,Удар БпЛА,4.0,24.88,25.11
E00599,2026-09-15 22:35:00,2026-09-15,Напрямок В,Артобстріл,2.0,38.22,16.55
E00608,2026-09-15 22:37:00,2026-09-15,Напрямок В,Артобстріл,,34.8,19.62
E00569,2026-09-15 23:04:00,2026-09-15,Напрямок А,Артобстріл,2.0,10.09,32.21
E00572,2026-09-15 23:13:00,2026-09-15,Напрямок А,Штурмові дії,5.0,16.03,27.87
E00616,2026-09-16 02:10:00,2026-09-16,Напрямок А,Удар БпЛА,1.0,14.26,24.32
E00625,2026-09-16 02:45:00,2026-09-16,Напрямок Б,Удар БпЛА,4.0,20.15,23.01
E00620,2026-09-16 03:58:00,2026-09-16,Напрямок Б,Авіаудар (КАБ),3.0,27.69,23.12
E00630,2026-09-16 05:27:00,2026-09-16,Напрямок Б,Авіаудар (КАБ),4.0,24.92,24.86
E00622,2026-09-16 06:19:00,2026-09-16,Напрямок Б,Удар БпЛА,2.0,23.07,22.05
E00626,2026-09-16 06:34:00,2026-09-16,Напрямок Б,Удар БпЛА,3.0,21.7,20.46
E00629,2026-09-16 06:48:00,2026-09-16,Напрямок Б,Штурмові дії,3.0,19.07,19.67
E00636,2026-09-16 07:16:00,2026-09-16,Напрямок В,Дії ДРГ,2.0,34.73,18.82
E00635,2026-09-16 07:22:00,2026-09-16,Напрямок В,Дії ДРГ,2.0,37.53,15.18
E00621,2026-09-16 08:14:00,2026-09-16,Напрямок Б,Авіаудар (КАБ),4.0,21.69,22.85
E00633,2026-09-16 10:01:00,2026-09-16,Напрямок В,Артобстріл,2.0,35.65,17.11
E00627,2026-09-16 11:00:00,2026-09-16,Напрямок Б,Удар БпЛА,3.0,24.57,20.91
E00628,2026-09-16 11:15:00,2026-09-16,Напрямок Б,Дії ДРГ,2.0,23.24,25.0
E00612,2026-09-16 13:21:00,2026-09-16,Напрямок А,Удар БпЛА,1.0,6.92,31.59
E00637,2026-09-16 14:12:00,2026-09-16,Напрямок В,Авіаудар (КАБ),4.0,34.88,14.13
E00638,2026-09-16 14:57:00,2026-09-16,Напрямок Г,Удар БпЛА,1.0,48.27,12.18
E00617,2026-09-16 17:04:00,2026-09-16,Напрямок А,Удар БпЛА,3.0,5.94,31.04
E00614,2026-09-16 18:29:00,2026-09-16,Напрямок А,Удар БпЛА,4.0,9.16,30.47
E00634,2026-09-16 19:00:00,2026-09-16,Напрямок В,Артобстріл,3.0,33.14,17.25
E00613,2026-09-16 19:29:00,2026-09-16,Напрямок А,Артобстріл,3.0,8.02,29.08
E00631,2026-09-16 20:02:00,2026-09-16,Напрямок Б,Авіаудар (КАБ),4.0,23.95,24.76
E00615,2026-09-16 20:18:00,2026-09-16,Напрямок А,Артобстріл,1.0,4.44,27.81
E00623,2026-09-16 21:33:00,2026-09-16,Напрямок Б,Артобстріл,3.0,23.19,23.74
E00624,2026-09-16 22:32:00,2026-09-16,Напрямок Б,Удар БпЛА,3.0,25.48,25.22
E00632,2026-09-16 22:56:00,2026-09-16,Напрямок В,Артобстріл,1.0,37.59,16.95
E00618,2026-09-16 23:16:00,2026-09-16,Напрямок Б,Артобстріл,4.0,21.36,26.7
E00619,2026-09-16 23:28:00,2026-09-16,Напрямок Б,Артобстріл,3.0,26.72,27.44
E00645,2026-09-17 00:21:00,2026-09-17,Напрямок А,Удар БпЛА,2.0,8.49,28.15
E00665,2026-09-17 00:53:00,2026-09-17,Напрямок В,Штурмові дії,2.0,35.34,17.34
E00656,2026-09-17 01:33:00,2026-09-17,Напрямок Б,Авіаудар (КАБ),5.0,21.38,23.38
E00644,2026-09-17 01:58:00,2026-09-17,Напрямок А,Удар БпЛА,2.0,7.34,30.29
E00654,2026-09-17 02:48:00,2026-09-17,Напрямок Б,Артобстріл,4.0,19.98,24.33
E00666,2026-09-17 03:48:00,2026-09-17,Напрямок В,Удар БпЛА,2.0,37.91,24.16
E00647,2026-09-17 04:33:00,2026-09-17,Напрямок Б,Штурмові дії,5.0,23.96,24.24
E00667,2026-09-17 04:48:00,2026-09-17,Напрямок Г,Артобстріл,3.0,48.24,11.85
E00648,2026-09-17 06:48:00,2026-09-17,Напрямок Б,Артобстріл,5.0,22.23,22.71
E00653,2026-09-17 06:55:00,2026-09-17,Напрямок Б,Авіаудар (КАБ),5.0,20.9,20.01
E00669,2026-09-17 08:40:00,2026-09-17,Напрямок Г,Артобстріл,2.0,49.35,9.31
E00651,2026-09-17 09:05:00,2026-09-17,Напрямок Б,Дії ДРГ,2.0,21.88,20.51
E00668,2026-09-17 09:50:00,2026-09-17,Напрямок Г,Удар БпЛА,2.0,53.22,9.94
E00662,2026-09-17 09:53:00,2026-09-17,Напрямок В,Авіаудар (КАБ),5.0,33.41,21.74
E00664,2026-09-17 09:58:00,2026-09-17,Напрямок В,Артобстріл,4.0,43.52,19.67
E00658,2026-09-17 10:36:00,2026-09-17,Напрямок Б,Артобстріл,3.0,19.74,26.29
E00655,2026-09-17 10:37:00,2026-09-17,Напрямок Б,Штурмові дії,5.0,25.61,20.81
E00661,2026-09-17 13:40:00,2026-09-17,Напрямок Б,Артобстріл,2.0,26.54,22.5
E00641,2026-09-17 15:00:00,2026-09-17,Напрямок А,Удар БпЛА,1.0,6.95,32.88
E00639,2026-09-17 15:25:00,2026-09-17,Напрямок А,Артобстріл,2.0,5.79,31.72
E00650,2026-09-17 15:34:00,2026-09-17,Напрямок Б,Артобстріл,3.0,21.01,23.31
E00663,2026-09-17 15:40:00,2026-09-17,Напрямок В,Артобстріл,3.0,32.95,19.2
E00659,2026-09-17 15:59:00,2026-09-17,Напрямок Б,Удар БпЛА,4.0,24.03,17.51
E00646,2026-09-17 16:01:00,2026-09-17,Напрямок Б,Удар БпЛА,5.0,20.91,21.28
E00660,2026-09-17 16:23:00,2026-09-17,Напрямок Б,Удар БпЛА,3.0,22.3,23.32
E00670,2026-09-17 17:02:00,2026-09-17,Напрямок Г,Артобстріл,1.0,55.45,12.58
E00649,2026-09-17 18:07:00,2026-09-17,Напрямок Б,Штурмові дії,4.0,24.47,24.34
E00657,2026-09-17 21:43:00,2026-09-17,Напрямок Б,Артобстріл,2.0,22.06,25.15
E00642,2026-09-17 23:06:00,2026-09-17,Напрямок А,Удар БпЛА,3.0,7.58,29.26
E00652,2026-09-17 23:22:00,2026-09-17,Напрямок Б,Удар БпЛА,3.0,18.42,22.5
E00640,2026-09-17 23:31:00,2026-09-17,Напрямок А,Дії ДРГ,2.0,4.89,28.51
E00643,2026-09-17 23:59:00,2026-09-17,Напрямок А,Авіаудар (КАБ),2.0,9.05,31.76
E00684,2026-09-18 01:46:00,2026-09-18,Напрямок Б,Артобстріл,3.0,23.17,22.79
E00676,2026-09-18 02:16:00,2026-09-18,Напрямок Б,Артобстріл,2.0,22.99,25.04
E00693,2026-09-18 02:41:00,2026-09-18,Напрямок В,Удар БпЛА,3.0,32.06,18.39
E00677,2026-09-18 04:05:00,2026-09-18,Напрямок Б,Штурмові дії,4.0,18.79,24.02
E00679,2026-09-18 06:22:00,2026-09-18,Напрямок Б,Артобстріл,2.0,23.8,22.84
E00680,2026-09-18 08:15:00,2026-09-18,Напрямок Б,Штурмові дії,5.0,20.81,21.45
E00686,2026-09-18 08:39:00,2026-09-18,Напрямок Б,Артобстріл,3.0,21.2,22.41
E00683,2026-09-18 09:59:00,2026-09-18,Напрямок Б,Авіаудар (КАБ),3.0,20.67,21.3
E00672,2026-09-18 10:10:00,2026-09-18,Напрямок А,Удар БпЛА,2.0,8.65,32.41
E00688,2026-09-18 10:30:00,2026-09-18,Напрямок Б,Штурмові дії,2.0,23.99,22.32
E00674,2026-09-18 11:51:00,2026-09-18,Напрямок Б,Удар БпЛА,2.0,24.7,20.19
E00671,2026-09-18 13:54:00,2026-09-18,Напрямок А,Артобстріл,1.0,12.91,33.34
E00692,2026-09-18 14:13:00,2026-09-18,Напрямок В,Артобстріл,3.0,36.31,16.88
E00690,2026-09-18 14:31:00,2026-09-18,Напрямок Б,Артобстріл,2.0,27.37,25.06
E00687,2026-09-18 14:41:00,2026-09-18,Напрямок Б,Артобстріл,2.0,19.63,25.34
E00691,2026-09-18 16:00:00,2026-09-18,Напрямок Б,Штурмові дії,4.0,26.9,24.22
E00678,2026-09-18 16:07:00,2026-09-18,Напрямок Б,Удар БпЛА,5.0,17.02,25.77
E00673,2026-09-18 16:18:00,2026-09-18,Напрямок А,Дії ДРГ,2.0,11.17,27.43
E00675,2026-09-18 16:53:00,2026-09-18,Напрямок Б,Авіаудар (КАБ),4.0,19.42,24.16
E00685,2026-09-18 16:56:00,2026-09-18,Напрямок Б,Артобстріл,3.0,19.95,23.86
E00682,2026-09-18 17:02:00,2026-09-18,Напрямок Б,Штурмові дії,5.0,25.47,26.04
E00694,2026-09-18 19:23:00,2026-09-18,Напрямок В,Артобстріл,2.0,34.01,16.1
E00689,2026-09-18 20:56:00,2026-09-18,Напрямок Б,Удар БпЛА,3.0,25.34,22.62
E00695,2026-09-18 22:04:00,2026-09-18,Напрямок Г,Артобстріл,1.0,53.77,10.77
E00681,2026-09-18 22:24:00,2026-09-18,Напрямок Б,Артобстріл,3.0,23.0,24.56
E00696,2026-09-18 22:36:00,2026-09-18,Напрямок Г,Артобстріл,4.0,52.66,14.12
E00703,2026-09-19 00:17:00,2026-09-19,Напрямок Б,Артобстріл,3.0,26.52,25.84
E00705,2026-09-19 00:38:00,2026-09-19,Напрямок Б,Артобстріл,2.0,21.36,21.68
E00730,2026-09-19 01:09:00,2026-09-19,Напрямок Г,Артобстріл,1.0,48.72,11.59
E00725,2026-09-19 01:29:00,2026-09-19,Напрямок В,Удар БпЛА,1.0,39.16,18.7
E00717,2026-09-19 01:48:00,2026-09-19,Напрямок Б,Авіаудар (КАБ),3.0,28.74,24.14
E00718,2026-09-19 02:38:00,2026-09-19,Напрямок Б,Артобстріл,2.0,25.41,18.95
E00709,2026-09-19 02:50:00,2026-09-19,Напрямок Б,Удар БпЛА,4.0,16.72,24.87
E00716,2026-09-19 03:40:00,2026-09-19,Напрямок Б,Удар БпЛА,4.0,17.37,26.2
E00708,2026-09-19 05:06:00,2026-09-19,Напрямок Б,Артобстріл,5.0,18.77,23.44
E00724,2026-09-19 06:08:00,2026-09-19,Напрямок В,Артобстріл,2.0,33.53,16.1
E00697,2026-09-19 06:27:00,2026-09-19,Напрямок А,Удар БпЛА,4.0,10.2,30.13
E00701,2026-09-19 06:45:00,2026-09-19,Напрямок Б,Штурмові дії,5.0,22.01,25.06
E00710,2026-09-19 06:47:00,2026-09-19,Напрямок Б,Удар БпЛА,5.0,21.32,24.45
E00726,2026-09-19 07:42:00,2026-09-19,Напрямок Г,Артобстріл,3.0,51.49,10.05
E00698,2026-09-19 08:14:00,2026-09-19,Напрямок А,Удар БпЛА,2.0,9.96,28.12
E00704,2026-09-19 08:26:00,2026-09-19,Напрямок Б,Авіаудар (КАБ),3.0,21.02,24.76
E00719,2026-09-19 09:10:00,2026-09-19,Напрямок В,Артобстріл,2.0,39.01,18.13
E00729,2026-09-19 09:29:00,2026-09-19,Напрямок Г,Удар БпЛА,2.0,55.42,9.62
E00723,2026-09-19 10:57:00,2026-09-19,Напрямок В,Дії ДРГ,2.0,36.24,21.91
E00722,2026-09-19 11:01:00,2026-09-19,Напрямок В,Удар БпЛА,1.0,36.53,18.53
E00714,2026-09-19 12:57:00,2026-09-19,Напрямок Б,Авіаудар (КАБ),3.0,24.81,22.37
E00720,2026-09-19 13:22:00,2026-09-19,Напрямок В,Удар БпЛА,3.0,37.22,12.13
E00712,2026-09-19 13:39:00,2026-09-19,Напрямок Б,Удар БпЛА,2.0,20.4,27.09
E00727,2026-09-19 14:37:00,2026-09-19,Напрямок Г,Артобстріл,2.0,56.48,12.13
E00713,2026-09-19 16:01:00,2026-09-19,Напрямок Б,Дії ДРГ,2.0,18.35,22.95
E00699,2026-09-19 16:38:00,2026-09-19,Напрямок А,Артобстріл,1.0,4.76,26.0
E00728,2026-09-19 16:47:00,2026-09-19,Напрямок Г,Артобстріл,1.0,52.54,10.37
E00706,2026-09-19 17:57:00,2026-09-19,Напрямок Б,Артобстріл,5.0,22.26,26.96
E00711,2026-09-19 19:36:00,2026-09-19,Напрямок Б,Авіаудар (КАБ),3.0,25.14,23.37
E00707,2026-09-19 19:43:00,2026-09-19,Напрямок Б,Артобстріл,2.0,21.54,28.41
E00721,2026-09-19 19:48:00,2026-09-19,Напрямок В,Авіаудар (КАБ),4.0,31.61,15.26
E00702,2026-09-19 21:28:00,2026-09-19,Напрямок Б,Удар БпЛА,2.0,21.65,25.46
E00715,2026-09-19 23:21:00,2026-09-19,Напрямок Б,Удар БпЛА,4.0,21.32,22.0
E00700,2026-09-19 23:36:00,2026-09-19,Напрямок Б,Артобстріл,3.0,25.71,27.02
E00731,2026-09-20 01:18:00,2026-09-20,Напрямок А,Удар БпЛА,2.0,8.01,26.54
E00747,2026-09-20 02:21:00,2026-09-20,Напрямок В,Артобстріл,2.0,34.24,19.28
E00745,2026-09-20 04:35:00,2026-09-20,Напрямок Б,Удар БпЛА,4.0,15.5,24.7
E00748,2026-09-20 06:02:00,2026-09-20,Напрямок В,Артобстріл,3.0,46.22,19.75
E00740,2026-09-20 06:27:00,2026-09-20,Напрямок Б,Артобстріл,5.0,24.99,25.52
E00741,2026-09-20 07:51:00,2026-09-20,Напрямок Б,Штурмові дії,4.0,21.5,22.99
E00744,2026-09-20 08:53:00,2026-09-20,Напрямок Б,Штурмові дії,4.0,18.84,25.74
E00732,2026-09-20 10:00:00,2026-09-20,Напрямок А,Артобстріл,1.0,6.56,29.78
E00738,2026-09-20 10:34:00,2026-09-20,Напрямок Б,Штурмові дії,5.0,21.3,23.0
E00734,2026-09-20 10:58:00,2026-09-20,Напрямок Б,Артобстріл,3.0,21.94,21.52
E00735,2026-09-20 11:04:00,2026-09-20,Напрямок Б,Авіаудар (КАБ),3.0,22.71,24.01
E00742,2026-09-20 11:08:00,2026-09-20,Напрямок Б,Артобстріл,4.0,23.06,25.62
E00736,2026-09-20 12:39:00,2026-09-20,Напрямок Б,Штурмові дії,5.0,22.67,24.71
E00737,2026-09-20 13:46:00,2026-09-20,Напрямок Б,Артобстріл,2.0,23.57,25.0
E00743,2026-09-20 15:56:00,2026-09-20,Напрямок Б,Авіаудар (КАБ),5.0,26.27,23.24
E00746,2026-09-20 16:36:00,2026-09-20,Напрямок Б,Дії ДРГ,2.0,20.02,23.47
E00739,2026-09-20 16:53:00,2026-09-20,Напрямок Б,Авіаудар (КАБ),3.0,22.85,21.23
E00749,2026-09-20 19:35:00,2026-09-20,Напрямок В,Артобстріл,3.0,34.34,17.1
E00750,2026-09-20 20:48:00,2026-09-20,Напрямок Г,Артобстріл,4.0,56.87,13.85
E00733,2026-09-20 20:50:00,2026-09-20,Напрямок А,Артобстріл,1.0,7.03,31.14
E00751,2026-09-21 01:00:00,2026-09-21,Напрямок А,Артобстріл,3.0,8.4,27.99
E00784,2026-09-21 01:27:00,2026-09-21,Напрямок В,Штурмові дії,3.0,42.02,20.04
E00760,2026-09-21 01:27:00,2026-09-21,Напрямок Б,Артобстріл,2.0,17.56,22.84
E00759,2026-09-21 02:59:00,2026-09-21,Напрямок Б,Удар БпЛА,3.0,20.22,26.69
E00762,2026-09-21 03:07:00,2026-09-21,Напрямок Б,Артобстріл,2.0,28.76,18.35
E00786,2026-09-21 03:15:00,2026-09-21,Напрямок В,Артобстріл,1.0,32.23,17.87
E00776,2026-09-21 05:29:00,2026-09-21,Напрямок Б,Штурмові дії,3.0,25.6,23.36
E00766,2026-09-21 05:38:00,2026-09-21,Напрямок Б,Удар БпЛА,5.0,24.19,24.55
E00777,2026-09-21 06:11:00,2026-09-21,Напрямок Б,Дії ДРГ,2.0,15.71,19.62
E00782,2026-09-21 06:12:00,2026-09-21,Напрямок Б,Артобстріл,2.0,20.39,24.08
E00764,2026-09-21 06:37:00,2026-09-21,Напрямок Б,Артобстріл,4.0,19.12,25.83
E00778,2026-09-21 06:48:00,2026-09-21,Напрямок Б,Удар БпЛА,4.0,15.86,26.04
E00768,2026-09-21 07:23:00,2026-09-21,Напрямок Б,Авіаудар (КАБ),5.0,19.0,22.72
E00780,2026-09-21 07:39:00,2026-09-21,Напрямок Б,Авіаудар (КАБ),3.0,24.81,20.8
E00788,2026-09-21 07:45:00,2026-09-21,Напрямок Г,Артобстріл,2.0,46.48,10.76
E00753,2026-09-21 08:04:00,2026-09-21,Напрямок А,Артобстріл,2.0,13.65,29.59
E00754,2026-09-21 08:42:00,2026-09-21,Напрямок А,Дії ДРГ,2.0,10.16,34.39
E00767,2026-09-21 09:05:00,2026-09-21,Напрямок Б,Артобстріл,2.0,20.17,24.12
E00771,2026-09-21 10:25:00,2026-09-21,Напрямок Б,Артобстріл,3.0,25.15,24.41
E00770,2026-09-21 10:50:00,2026-09-21,Напрямок Б,Удар БпЛА,4.0,21.44,25.5
E00785,2026-09-21 11:23:00,2026-09-21,Напрямок В,Артобстріл,2.0,40.23,17.41
E00772,2026-09-21 11:45:00,2026-09-21,Напрямок Б,Авіаудар (КАБ),2.0,16.71,18.86
E00783,2026-09-21 12:09:00,2026-09-21,Напрямок В,Артобстріл,1.0,39.23,19.2
E00787,2026-09-21 12:59:00,2026-09-21,Напрямок В,Артобстріл,2.0,36.51,15.58
E00763,2026-09-21 13:51:00,2026-09-21,Напрямок Б,Авіаудар (КАБ),5.0,19.35,24.01
E00779,2026-09-21 13:56:00,2026-09-21,Напрямок Б,Авіаудар (КАБ),3.0,16.79,21.11
E00752,2026-09-21 14:07:00,2026-09-21,Напрямок А,Удар БпЛА,1.0,10.95,30.93
E00781,2026-09-21 14:15:00,2026-09-21,Напрямок Б,Удар БпЛА,2.0,20.91,26.07
E00774,2026-09-21 16:23:00,2026-09-21,Напрямок Б,Авіаудар (КАБ),4.0,23.27,24.34
E00790,2026-09-21 18:57:00,2026-09-21,Напрямок Г,Артобстріл,2.0,54.32,11.74
E00761,2026-09-21 19:28:00,2026-09-21,Напрямок Б,Удар БпЛА,3.0,24.32,22.87
E00765,2026-09-21 19:43:00,2026-09-21,Напрямок Б,Артобстріл,4.0,20.9,20.52
E00756,2026-09-21 20:11:00,2026-09-21,Напрямок А,Артобстріл,2.0,9.11,33.98
E00775,2026-09-21 20:44:00,2026-09-21,Напрямок Б,Артобстріл,3.0,20.73,23.66
E00758,2026-09-21 21:47:00,2026-09-21,Напрямок Б,Артобстріл,4.0,20.73,24.12
E00757,2026-09-21 22:12:00,2026-09-21,Напрямок Б,Штурмові дії,5.0,23.46,23.05
E00773,2026-09-21 22:16:00,2026-09-21,Напрямок Б,Штурмові дії,5.0,21.89,24.31
E00769,2026-09-21 22:51:00,2026-09-21,Напрямок Б,Штурмові дії,4.0,23.35,21.42
E00755,2026-09-21 22:52:00,2026-09-21,Напрямок А,Артобстріл,3.0,10.79,29.42
E00789,2026-09-21 23:07:00,2026-09-21,Напрямок Г,Артобстріл,2.0,51.31,13.91
E00795,2026-09-22 00:14:00,2026-09-22,Напрямок Б,Авіаудар (КАБ),4.0,26.41,24.75
E00814,2026-09-22 01:35:00,2026-09-22,Напрямок Б,Артобстріл,2.0,23.59,23.73
E00809,2026-09-22 02:48:00,2026-09-22,Напрямок Б,Артобстріл,2.0,23.48,21.92
E00833,2026-09-22 03:22:00,2026-09-22,Напрямок Г,Удар БпЛА,1.0,54.87,10.96
E00806,2026-09-22 04:39:00,2026-09-22,Напрямок Б,Артобстріл,2.0,25.39,22.7
E00800,2026-09-22 05:20:00,2026-09-22,Напрямок Б,Удар БпЛА,3.0,23.94,23.9
E00799,2026-09-22 05:32:00,2026-09-22,Напрямок Б,Штурмові дії,5.0,21.26,23.76
E00801,2026-09-22 05:34:00,2026-09-22,Напрямок Б,Штурмові дії,5.0,22.88,23.73
E00807,2026-09-22 06:01:00,2026-09-22,Напрямок Б,Артобстріл,4.0,22.53,25.67
E00791,2026-09-22 06:25:00,2026-09-22,Напрямок А,Удар БпЛА,3.0,6.64,26.81
E00796,2026-09-22 06:27:00,2026-09-22,Напрямок Б,Артобстріл,2.0,16.79,21.99
E00829,2026-09-22 06:32:00,2026-09-22,Напрямок В,Дії ДРГ,3.0,37.58,22.56
E00802,2026-09-22 07:21:00,2026-09-22,Напрямок Б,Удар БпЛА,2.0,23.13,24.37
E00828,2026-09-22 07:59:00,2026-09-22,Напрямок В,Штурмові дії,2.0,37.83,16.93
E00794,2026-09-22 08:03:00,2026-09-22,Напрямок Б,Артобстріл,3.0,22.55,22.64
E00811,2026-09-22 08:12:00,2026-09-22,Напрямок Б,Авіаудар (КАБ),2.0,23.45,24.6
E00832,2026-09-22 08:41:00,2026-09-22,Напрямок В,Дії ДРГ,1.0,36.69,21.74
E00823,2026-09-22 08:49:00,2026-09-22,Напрямок В,Удар БпЛА,1.0,34.03,19.71
E00797,2026-09-22 09:26:00,2026-09-22,Напрямок Б,Артобстріл,3.0,22.7,22.07
E00831,2026-09-22 10:03:00,2026-09-22,Напрямок В,Удар БпЛА,3.0,35.47,17.21
E00812,2026-09-22 10:19:00,2026-09-22,Напрямок Б,Удар БпЛА,2.0,23.49,22.3
E00804,2026-09-22 10:42:00,2026-09-22,Напрямок Б,Артобстріл,2.0,16.96,21.56
E00810,2026-09-22 11:00:00,2026-09-22,Напрямок Б,Штурмові дії,3.0,21.95,25.18
E00830,2026-09-22 11:33:00,2026-09-22,Напрямок В,Удар БпЛА,3.0,38.14,14.41
E00813,2026-09-22 12:25:00,2026-09-22,Напрямок Б,Артобстріл,3.0,19.97,24.31
E00792,2026-09-22 13:29:00,2026-09-22,Напрямок А,Артобстріл,2.0,11.39,28.97
E00808,2026-09-22 13:33:00,2026-09-22,Напрямок Б,Авіаудар (КАБ),2.0,21.53,21.04
E00803,2026-09-22 14:27:00,2026-09-22,Напрямок Б,Артобстріл,5.0,19.06,24.54
E00820,2026-09-22 14:47:00,2026-09-22,Напрямок Б,Авіаудар (КАБ),4.0,22.84,28.53
E00815,2026-09-22 14:52:00,2026-09-22,Напрямок Б,Штурмові дії,3.0,26.79,26.37
E00798,2026-09-22 15:31:00,2026-09-22,Напрямок Б,Авіаудар (КАБ),2.0,19.1,27.29
E00818,2026-09-22 16:13:00,2026-09-22,Напрямок Б,Штурмові дії,3.0,18.68,28.79
E00826,2026-09-22 17:49:00,2026-09-22,Напрямок В,Авіаудар (КАБ),3.0,41.04,18.46
E00834,2026-09-22 17:53:00,2026-09-22,Напрямок Г,Артобстріл,2.0,52.42,7.52
E00817,2026-09-22 18:50:00,2026-09-22,Напрямок Б,Удар БпЛА,3.0,27.44,27.4
E00822,2026-09-22 20:00:00,2026-09-22,Напрямок Б,Удар БпЛА,2.0,20.25,23.96
E00827,2026-09-22 20:12:00,2026-09-22,Напрямок В,Артобстріл,2.0,31.9,18.74
E00825,2026-09-22 20:32:00,2026-09-22,Напрямок В,Штурмові дії,3.0,34.03,17.14
E00793,2026-09-22 20:51:00,2026-09-22,Напрямок Б,Удар БпЛА,4.0,22.71,21.57
E00816,2026-09-22 21:02:00,2026-09-22,Напрямок Б,Штурмові дії,2.0,21.5,25.01
E00824,2026-09-22 21:14:00,2026-09-22,Напрямок В,Удар БпЛА,2.0,37.53,16.46
E00819,2026-09-22 22:08:00,2026-09-22,Напрямок Б,Авіаудар (КАБ),5.0,18.8,24.56
E00821,2026-09-22 22:39:00,2026-09-22,Напрямок Б,Штурмові дії,4.0,20.94,22.98
E00805,2026-09-22 23:38:00,2026-09-22,Напрямок Б,Удар БпЛА,3.0,24.4,26.71
E00809,2026-09-22 02:48:00,2026-09-22,Напрямок Б,Артобстріл,2.0,23.48,21.92
E00660,2026-09-17 16:23:00,2026-09-17,Напрямок Б,Удар БпЛА,3.0,22.3,23.32
E00128,2026-08-28 21:50:00,2026-08-28,Напрямок В,Артобстріл,1.0,39.18,16.22
